FUEL_FLY_OPS,TOT_FLY_OPS,TOT_DIR_MAINT,TOT_FLT_MAINT_MEMO,TOT_AIR_OP_EXPENSES,TOTAL_AIR_HOURS,AIR_DAYS_ASSIGN,AIR_FUELS_ISSUED,AIRCRAFT_CONFIG,AIRCRAFT_GROUP,AIRCRAFT_TYPE,UNIQUE_CARRIER,UNIQUE_CARRIER_NAME,REGION,YEAR,QUARTER
,,,,,,,,9,9,999,1BQ,"Eastern Airlines f/k/a Dynamic Airways, LLC",D,2025,1
,,,,,,,,9,9,999,1BQ,"Eastern Airlines f/k/a Dynamic Airways, LLC",D,2025,2
,,,,,,,,9,9,999,1BQ,"Eastern Airlines f/k/a Dynamic Airways, LLC",D,2025,3
,,,,,,,,9,9,999,1BQ,"Eastern Airlines f/k/a Dynamic Airways, LLC",D,2025,4
,,,,,,,,9,9,999,1BQ,"Eastern Airlines f/k/a Dynamic Airways, LLC",I,2025,1
,,,,,,,,9,9,999,1BQ,"Eastern Airlines f/k/a Dynamic Airways, LLC",I,2025,2
,,,,,,,,9,9,999,1BQ,"Eastern Airlines f/k/a Dynamic Airways, LLC",I,2025,3
,,,,,,,,9,9,999,1BQ,"Eastern Airlines f/k/a Dynamic Airways, LLC",I,2025,4
,,,,,,,,9,9,999,3EQ,"Scott Aviation, LLC  d/b/a  Silver Air",D,2025,1
,,,,,,,,9,9,999,3EQ,"Scott Aviation, LLC  d/b/a  Silver Air",D,2025,2
,,,,,,,,9,9,999,3EQ,"Scott Aviation, LLC  d/b/a  Silver Air",D,2025,3
,,,,,,,,9,9,999,3EQ,"Scott Aviation, LLC  d/b/a  Silver Air",D,2025,4
,,,,,,,,9,9,999,3M,Silver Airways,D,2025,1
,,,,,,,,9,9,999,3M,Silver Airways,I,2025,1
,,,,,,,,9,9,999,5X,United Parcel Service,A,2025,1
,,,,,,,,9,9,999,5X,United Parcel Service,A,2025,2
,,,,,,,,9,9,999,5X,United Parcel Service,A,2025,3
,,,,,,,,9,9,999,5X,United Parcel Service,A,2025,4
,,,,,,,,9,9,999,5X,United Parcel Service,D,2025,1
,,,,,,,,9,9,999,5X,United Parcel Service,D,2025,2
,,,,,,,,9,9,999,5X,United Parcel Service,D,2025,3
,,,,,,,,9,9,999,5X,United Parcel Service,D,2025,4
,,,,,,,,9,9,999,5X,United Parcel Service,L,2025,1
,,,,,,,,9,9,999,5X,United Parcel Service,L,2025,2
,,,,,,,,9,9,999,5X,United Parcel Service,L,2025,3
,,,,,,,,9,9,999,5X,United Parcel Service,L,2025,4
,,,,,,,,9,9,999,5X,United Parcel Service,P,2025,1
,,,,,,,,9,9,999,5X,United Parcel Service,P,2025,2
,,,,,,,,9,9,999,5X,United Parcel Service,P,2025,3
,,,,,,,,9,9,999,5X,United Parcel Service,P,2025,4
,,,,,,,,9,9,999,5Y,Atlas Air Inc.,D,2025,1
,,,,,,,,9,9,999,5Y,Atlas Air Inc.,D,2025,2
,,,,,,,,9,9,999,5Y,Atlas Air Inc.,D,2025,3
,,,,,,,,9,9,999,5Y,Atlas Air Inc.,D,2025,4
,,,,,,,,9,9,999,5Y,Atlas Air Inc.,I,2025,1
,,,,,,,,9,9,999,5Y,Atlas Air Inc.,I,2025,2
,,,,,,,,9,9,999,5Y,Atlas Air Inc.,I,2025,3
,,,,,,,,9,9,999,5Y,Atlas Air Inc.,I,2025,4
,,,,,,,,9,9,999,8C,Air Transport International,A,2025,1
,,,,,,,,9,9,999,8C,Air Transport International,A,2025,2
,,,,,,,,9,9,999,8C,Air Transport International,A,2025,3
,,,,,,,,9,9,999,8C,Air Transport International,A,2025,4
,,,,,,,,9,9,999,8C,Air Transport International,D,2025,1
,,,,,,,,9,9,999,8C,Air Transport International,D,2025,2
,,,,,,,,9,9,999,8C,Air Transport International,D,2025,3
,,,,,,,,9,9,999,8C,Air Transport International,D,2025,4
,,,,,,,,9,9,999,9E,Endeavor Air Inc.,D,2025,1
,,,,,,,,9,9,999,9E,Endeavor Air Inc.,D,2025,2
,,,,,,,,9,9,999,9E,Endeavor Air Inc.,D,2025,3
,,,,,,,,9,9,999,9E,Endeavor Air Inc.,D,2025,4
,,,,,,,,9,9,999,9E,Endeavor Air Inc.,L,2025,1
,,,,,,,,9,9,999,9E,Endeavor Air Inc.,L,2025,2
,,,,,,,,9,9,999,9E,Endeavor Air Inc.,L,2025,3
,,,,,,,,9,9,999,9E,Endeavor Air Inc.,L,2025,4
,,,,,,,,9,9,999,AA,American Airlines Inc.,A,2025,1
,,,,,,,,9,9,999,AA,American Airlines Inc.,A,2025,2
,,,,,,,,9,9,999,AA,American Airlines Inc.,A,2025,3
,,,,,,,,9,9,999,AA,American Airlines Inc.,A,2025,4
,,,,,,,,9,9,999,AA,American Airlines Inc.,D,2025,1
,,,,,,,,9,9,999,AA,American Airlines Inc.,D,2025,2
,,,,,,,,9,9,999,AA,American Airlines Inc.,D,2025,3
,,,,,,,,9,9,999,AA,American Airlines Inc.,D,2025,4
,,,,,,,,9,9,999,AA,American Airlines Inc.,L,2025,1
,,,,,,,,9,9,999,AA,American Airlines Inc.,L,2025,2
,,,,,,,,9,9,999,AA,American Airlines Inc.,L,2025,3
,,,,,,,,9,9,999,AA,American Airlines Inc.,L,2025,4
,,,,,,,,9,9,999,AA,American Airlines Inc.,P,2025,1
,,,,,,,,9,9,999,AA,American Airlines Inc.,P,2025,2
,,,,,,,,9,9,999,AA,American Airlines Inc.,P,2025,3
,,,,,,,,9,9,999,AA,American Airlines Inc.,P,2025,4
,,,,,,,,9,9,999,ABX,ABX Air Inc,A,2025,1
,,,,,,,,9,9,999,ABX,ABX Air Inc,A,2025,2
,,,,,,,,9,9,999,ABX,ABX Air Inc,A,2025,3
,,,,,,,,9,9,999,ABX,ABX Air Inc,A,2025,4
,,,,,,,,9,9,999,ABX,ABX Air Inc,D,2025,1
,,,,,,,,9,9,999,ABX,ABX Air Inc,D,2025,2
,,,,,,,,9,9,999,ABX,ABX Air Inc,D,2025,3
,,,,,,,,9,9,999,ABX,ABX Air Inc,D,2025,4
,,,,,,,,9,9,999,AS,Alaska Airlines Inc.,D,2025,1
,,,,,,,,9,9,999,AS,Alaska Airlines Inc.,D,2025,2
,,,,,,,,9,9,999,AS,Alaska Airlines Inc.,D,2025,3
,,,,,,,,9,9,999,AS,Alaska Airlines Inc.,D,2025,4
,,,,,,,,9,9,999,AS,Alaska Airlines Inc.,L,2025,1
,,,,,,,,9,9,999,AS,Alaska Airlines Inc.,L,2025,2
,,,,,,,,9,9,999,AS,Alaska Airlines Inc.,L,2025,3
,,,,,,,,9,9,999,AS,Alaska Airlines Inc.,L,2025,4
,,,,,,,,9,9,999,B6,JetBlue Airways,A,2025,1
,,,,,,,,9,9,999,B6,JetBlue Airways,A,2025,2
,,,,,,,,9,9,999,B6,JetBlue Airways,A,2025,3
,,,,,,,,9,9,999,B6,JetBlue Airways,A,2025,4
,,,,,,,,9,9,999,B6,JetBlue Airways,D,2025,1
,,,,,,,,9,9,999,B6,JetBlue Airways,D,2025,2
,,,,,,,,9,9,999,B6,JetBlue Airways,D,2025,3
,,,,,,,,9,9,999,B6,JetBlue Airways,D,2025,4
,,,,,,,,9,9,999,B6,JetBlue Airways,L,2025,1
,,,,,,,,9,9,999,B6,JetBlue Airways,L,2025,2
,,,,,,,,9,9,999,B6,JetBlue Airways,L,2025,3
,,,,,,,,9,9,999,B6,JetBlue Airways,L,2025,4
,,,,,,,,9,9,999,C5,CommuteAir LLC dba CommuteAir,D,2025,1
,,,,,,,,9,9,999,C5,CommuteAir LLC dba CommuteAir,D,2025,2
,,,,,,,,9,9,999,C5,CommuteAir LLC dba CommuteAir,D,2025,3
,,,,,,,,9,9,999,C5,CommuteAir LLC dba CommuteAir,D,2025,4
,,,,,,,,9,9,999,C5,CommuteAir LLC dba CommuteAir,L,2025,1
,,,,,,,,9,9,999,C5,CommuteAir LLC dba CommuteAir,L,2025,2
,,,,,,,,9,9,999,C5,CommuteAir LLC dba CommuteAir,L,2025,3
,,,,,,,,9,9,999,C5,CommuteAir LLC dba CommuteAir,L,2025,4
,,,,,,,,9,9,999,DL,Delta Air Lines Inc.,A,2025,1
,,,,,,,,9,9,999,DL,Delta Air Lines Inc.,A,2025,2
,,,,,,,,9,9,999,DL,Delta Air Lines Inc.,A,2025,3
,,,,,,,,9,9,999,DL,Delta Air Lines Inc.,A,2025,4
,,,,,,,,9,9,999,DL,Delta Air Lines Inc.,D,2025,1
,,,,,,,,9,9,999,DL,Delta Air Lines Inc.,D,2025,2
,,,,,,,,9,9,999,DL,Delta Air Lines Inc.,D,2025,3
,,,,,,,,9,9,999,DL,Delta Air Lines Inc.,D,2025,4
,,,,,,,,9,9,999,DL,Delta Air Lines Inc.,L,2025,1
,,,,,,,,9,9,999,DL,Delta Air Lines Inc.,L,2025,2
,,,,,,,,9,9,999,DL,Delta Air Lines Inc.,L,2025,3
,,,,,,,,9,9,999,DL,Delta Air Lines Inc.,L,2025,4
,,,,,,,,9,9,999,DL,Delta Air Lines Inc.,P,2025,1
,,,,,,,,9,9,999,DL,Delta Air Lines Inc.,P,2025,2
,,,,,,,,9,9,999,DL,Delta Air Lines Inc.,P,2025,3
,,,,,,,,9,9,999,DL,Delta Air Lines Inc.,P,2025,4
,,,,,,,,9,9,999,F9,Frontier Airlines Inc.,D,2025,1
,,,,,,,,9,9,999,F9,Frontier Airlines Inc.,D,2025,2
,,,,,,,,9,9,999,F9,Frontier Airlines Inc.,D,2025,3
,,,,,,,,9,9,999,F9,Frontier Airlines Inc.,D,2025,4
,,,,,,,,9,9,999,F9,Frontier Airlines Inc.,L,2025,1
,,,,,,,,9,9,999,F9,Frontier Airlines Inc.,L,2025,2
,,,,,,,,9,9,999,F9,Frontier Airlines Inc.,L,2025,3
,,,,,,,,9,9,999,F9,Frontier Airlines Inc.,L,2025,4
,,,,,,,,9,9,999,FX,Federal Express Corporation,A,2025,1
,,,,,,,,9,9,999,FX,Federal Express Corporation,A,2025,2
,,,,,,,,9,9,999,FX,Federal Express Corporation,A,2025,3
,,,,,,,,9,9,999,FX,Federal Express Corporation,A,2025,4
,,,,,,,,9,9,999,FX,Federal Express Corporation,D,2025,1
,,,,,,,,9,9,999,FX,Federal Express Corporation,D,2025,2
,,,,,,,,9,9,999,FX,Federal Express Corporation,D,2025,3
,,,,,,,,9,9,999,FX,Federal Express Corporation,D,2025,4
,,,,,,,,9,9,999,FX,Federal Express Corporation,L,2025,1
,,,,,,,,9,9,999,FX,Federal Express Corporation,L,2025,2
,,,,,,,,9,9,999,FX,Federal Express Corporation,L,2025,3
,,,,,,,,9,9,999,FX,Federal Express Corporation,L,2025,4
,,,,,,,,9,9,999,FX,Federal Express Corporation,P,2025,1
,,,,,,,,9,9,999,FX,Federal Express Corporation,P,2025,2
,,,,,,,,9,9,999,FX,Federal Express Corporation,P,2025,3
,,,,,,,,9,9,999,FX,Federal Express Corporation,P,2025,4
,,,,,,,,9,9,999,G4,Allegiant Air,D,2025,1
,,,,,,,,9,9,999,G4,Allegiant Air,D,2025,2
,,,,,,,,9,9,999,G4,Allegiant Air,D,2025,3
,,,,,,,,9,9,999,G4,Allegiant Air,D,2025,4
,,,,,,,,9,9,999,G7,GoJet Airlines LLC d/b/a United Express,D,2025,1
,,,,,,,,9,9,999,G7,GoJet Airlines LLC d/b/a United Express,D,2025,2
,,,,,,,,9,9,999,G7,GoJet Airlines LLC d/b/a United Express,D,2025,3
,,,,,,,,9,9,999,G7,GoJet Airlines LLC d/b/a United Express,D,2025,4
,,,,,,,,9,9,999,GCA,"Global Crossing Airlines, Inc.",D,2025,2
,,,,,,,,9,9,999,GCA,"Global Crossing Airlines, Inc.",D,2025,3
,,,,,,,,9,9,999,GCA,"Global Crossing Airlines, Inc.",D,2025,4
,,,,,,,,9,9,999,GCA,"Global Crossing Airlines, Inc.",S,2025,1
,,,,,,,,9,9,999,HA,Hawaiian Airlines Inc.,D,2025,1
,,,,,,,,9,9,999,HA,Hawaiian Airlines Inc.,D,2025,2
,,,,,,,,9,9,999,HA,Hawaiian Airlines Inc.,D,2025,3
,,,,,,,,9,9,999,HA,Hawaiian Airlines Inc.,D,2025,4
,,,,,,,,9,9,999,HA,Hawaiian Airlines Inc.,P,2025,1
,,,,,,,,9,9,999,HA,Hawaiian Airlines Inc.,P,2025,2
,,,,,,,,9,9,999,HA,Hawaiian Airlines Inc.,P,2025,3
,,,,,,,,9,9,999,HA,Hawaiian Airlines Inc.,P,2025,4
,,,,,,,,9,9,999,KAQ,Kalitta Air LLC,D,2025,1
,,,,,,,,9,9,999,KAQ,Kalitta Air LLC,D,2025,2
,,,,,,,,9,9,999,KAQ,Kalitta Air LLC,D,2025,3
,,,,,,,,9,9,999,KAQ,Kalitta Air LLC,D,2025,4
,,,,,,,,9,9,999,KAQ,Kalitta Air LLC,I,2025,1
,,,,,,,,9,9,999,KAQ,Kalitta Air LLC,I,2025,2
,,,,,,,,9,9,999,KAQ,Kalitta Air LLC,I,2025,3
,,,,,,,,9,9,999,KAQ,Kalitta Air LLC,I,2025,4
,,,,,,,,9,9,999,KD,Western Global,I,2025,1
,,,,,,,,9,9,999,KD,Western Global,I,2025,2
,,,,,,,,9,9,999,KD,Western Global,I,2025,3
,,,,,,,,9,9,999,KD,Western Global,I,2025,4
,,,,,,,,9,9,999,KH,Aloha Air Cargo,D,2025,1
,,,,,,,,9,9,999,KH,Aloha Air Cargo,D,2025,2
,,,,,,,,9,9,999,KH,Aloha Air Cargo,D,2025,3
,,,,,,,,9,9,999,KH,Aloha Air Cargo,D,2025,4
,,,,,,,,9,9,999,L2,Lynden Air Cargo Airlines,D,2025,1
,,,,,,,,9,9,999,L2,Lynden Air Cargo Airlines,D,2025,2
,,,,,,,,9,9,999,L2,Lynden Air Cargo Airlines,D,2025,3
,,,,,,,,9,9,999,L2,Lynden Air Cargo Airlines,D,2025,4
,,,,,,,,9,9,999,L2,Lynden Air Cargo Airlines,I,2025,1
,,,,,,,,9,9,999,L2,Lynden Air Cargo Airlines,I,2025,2
,,,,,,,,9,9,999,L2,Lynden Air Cargo Airlines,I,2025,3
,,,,,,,,9,9,999,L2,Lynden Air Cargo Airlines,I,2025,4
,,,,,,,,9,9,999,M6,Amerijet International,D,2025,1
,,,,,,,,9,9,999,M6,Amerijet International,D,2025,2
,,,,,,,,9,9,999,M6,Amerijet International,D,2025,3
,,,,,,,,9,9,999,M6,Amerijet International,D,2025,4
,,,,,,,,9,9,999,M6,Amerijet International,L,2025,1
,,,,,,,,9,9,999,M6,Amerijet International,L,2025,2
,,,,,,,,9,9,999,M6,Amerijet International,L,2025,3
,,,,,,,,9,9,999,M6,Amerijet International,L,2025,4
,,,,,,,,9,9,999,MQ,Envoy Air,D,2025,1
,,,,,,,,9,9,999,MQ,Envoy Air,D,2025,2
,,,,,,,,9,9,999,MQ,Envoy Air,D,2025,3
,,,,,,,,9,9,999,MQ,Envoy Air,D,2025,4
,,,,,,,,9,9,999,MQ,Envoy Air,L,2025,1
,,,,,,,,9,9,999,MQ,Envoy Air,L,2025,2
,,,,,,,,9,9,999,MQ,Envoy Air,L,2025,3
,,,,,,,,9,9,999,MQ,Envoy Air,L,2025,4
,,,,,,,,9,9,999,MX,Breeze Aviation Group DBA  Breeze,D,2025,1
,,,,,,,,9,9,999,MX,Breeze Aviation Group DBA  Breeze,D,2025,2
,,,,,,,,9,9,999,MX,Breeze Aviation Group DBA  Breeze,D,2025,3
,,,,,,,,9,9,999,MX,Breeze Aviation Group DBA  Breeze,D,2025,4
,,,,,,,,9,9,999,N8,National Air Cargo Group Inc d/ba National Airlines,D,2025,1
,,,,,,,,9,9,999,N8,National Air Cargo Group Inc d/ba National Airlines,D,2025,2
,,,,,,,,9,9,999,N8,National Air Cargo Group Inc d/ba National Airlines,D,2025,3
,,,,,,,,9,9,999,N8,National Air Cargo Group Inc d/ba National Airlines,D,2025,4
,,,,,,,,9,9,999,N8,National Air Cargo Group Inc d/ba National Airlines,I,2025,1
,,,,,,,,9,9,999,N8,National Air Cargo Group Inc d/ba National Airlines,I,2025,2
,,,,,,,,9,9,999,N8,National Air Cargo Group Inc d/ba National Airlines,I,2025,3
,,,,,,,,9,9,999,N8,National Air Cargo Group Inc d/ba National Airlines,I,2025,4
,,,,,,,,9,9,999,NC,Northern Air Cargo Inc.,D,2025,1
,,,,,,,,9,9,999,NC,Northern Air Cargo Inc.,D,2025,2
,,,,,,,,9,9,999,NC,Northern Air Cargo Inc.,D,2025,3
,,,,,,,,9,9,999,NC,Northern Air Cargo Inc.,D,2025,4
,,,,,,,,9,9,999,NK,Spirit Air Lines,D,2025,1
,,,,,,,,9,9,999,NK,Spirit Air Lines,D,2025,2
,,,,,,,,9,9,999,NK,Spirit Air Lines,D,2025,3
,,,,,,,,9,9,999,NK,Spirit Air Lines,D,2025,4
,,,,,,,,9,9,999,NK,Spirit Air Lines,L,2025,1
,,,,,,,,9,9,999,NK,Spirit Air Lines,L,2025,2
,,,,,,,,9,9,999,NK,Spirit Air Lines,L,2025,3
,,,,,,,,9,9,999,NK,Spirit Air Lines,L,2025,4
,,,,,,,,9,9,999,OH,PSA Airlines Inc.,D,2025,1
,,,,,,,,9,9,999,OH,PSA Airlines Inc.,D,2025,2
,,,,,,,,9,9,999,OH,PSA Airlines Inc.,D,2025,3
,,,,,,,,9,9,999,OH,PSA Airlines Inc.,D,2025,4
,,,,,,,,9,9,999,OH,PSA Airlines Inc.,L,2025,1
,,,,,,,,9,9,999,OH,PSA Airlines Inc.,L,2025,2
,,,,,,,,9,9,999,OH,PSA Airlines Inc.,L,2025,3
,,,,,,,,9,9,999,OH,PSA Airlines Inc.,L,2025,4
,,,,,,,,9,9,999,OO,SkyWest Airlines Inc.,D,2025,1
,,,,,,,,9,9,999,OO,SkyWest Airlines Inc.,D,2025,2
,,,,,,,,9,9,999,OO,SkyWest Airlines Inc.,D,2025,3
,,,,,,,,9,9,999,OO,SkyWest Airlines Inc.,D,2025,4
,,,,,,,,9,9,999,OO,SkyWest Airlines Inc.,L,2025,1
,,,,,,,,9,9,999,OO,SkyWest Airlines Inc.,L,2025,2
,,,,,,,,9,9,999,OO,SkyWest Airlines Inc.,L,2025,3
,,,,,,,,9,9,999,OO,SkyWest Airlines Inc.,L,2025,4
,,,,,,,,9,9,999,PO,Polar Air Cargo Airways,A,2025,1
,,,,,,,,9,9,999,PO,Polar Air Cargo Airways,A,2025,2
,,,,,,,,9,9,999,PO,Polar Air Cargo Airways,A,2025,3
,,,,,,,,9,9,999,PO,Polar Air Cargo Airways,A,2025,4
,,,,,,,,9,9,999,PO,Polar Air Cargo Airways,D,2025,1
,,,,,,,,9,9,999,PO,Polar Air Cargo Airways,D,2025,2
,,,,,,,,9,9,999,PO,Polar Air Cargo Airways,D,2025,3
,,,,,,,,9,9,999,PO,Polar Air Cargo Airways,D,2025,4
,,,,,,,,9,9,999,PO,Polar Air Cargo Airways,P,2025,1
,,,,,,,,9,9,999,PO,Polar Air Cargo Airways,P,2025,2
,,,,,,,,9,9,999,PO,Polar Air Cargo Airways,P,2025,3
,,,,,,,,9,9,999,PO,Polar Air Cargo Airways,P,2025,4
,,,,,,,,9,9,999,PT,Piedmont Airlines,D,2025,1
,,,,,,,,9,9,999,PT,Piedmont Airlines,D,2025,2
,,,,,,,,9,9,999,PT,Piedmont Airlines,D,2025,3
,,,,,,,,9,9,999,PT,Piedmont Airlines,D,2025,4
,,,,,,,,9,9,999,QX,Horizon Air,D,2025,1
,,,,,,,,9,9,999,QX,Horizon Air,D,2025,2
,,,,,,,,9,9,999,QX,Horizon Air,D,2025,3
,,,,,,,,9,9,999,QX,Horizon Air,D,2025,4
,,,,,,,,9,9,999,QX,Horizon Air,L,2025,1
,,,,,,,,9,9,999,QX,Horizon Air,L,2025,2
,,,,,,,,9,9,999,QX,Horizon Air,L,2025,3
,,,,,,,,9,9,999,QX,Horizon Air,L,2025,4
,,,,,,,,9,9,999,SY,Sun Country Airlines d/b/a MN Airlines,D,2025,1
,,,,,,,,9,9,999,SY,Sun Country Airlines d/b/a MN Airlines,D,2025,2
,,,,,,,,9,9,999,SY,Sun Country Airlines d/b/a MN Airlines,D,2025,3
,,,,,,,,9,9,999,SY,Sun Country Airlines d/b/a MN Airlines,D,2025,4
,,,,,,,,9,9,999,SY,Sun Country Airlines d/b/a MN Airlines,L,2025,1
,,,,,,,,9,9,999,SY,Sun Country Airlines d/b/a MN Airlines,L,2025,2
,,,,,,,,9,9,999,SY,Sun Country Airlines d/b/a MN Airlines,L,2025,3
,,,,,,,,9,9,999,SY,Sun Country Airlines d/b/a MN Airlines,L,2025,4
,,,,,,,,9,9,999,UA,United Air Lines Inc.,A,2025,1
,,,,,,,,9,9,999,UA,United Air Lines Inc.,A,2025,2
,,,,,,,,9,9,999,UA,United Air Lines Inc.,A,2025,3
,,,,,,,,9,9,999,UA,United Air Lines Inc.,A,2025,4
,,,,,,,,9,9,999,UA,United Air Lines Inc.,D,2025,1
,,,,,,,,9,9,999,UA,United Air Lines Inc.,D,2025,2
,,,,,,,,9,9,999,UA,United Air Lines Inc.,D,2025,3
,,,,,,,,9,9,999,UA,United Air Lines Inc.,D,2025,4
,,,,,,,,9,9,999,UA,United Air Lines Inc.,L,2025,1
,,,,,,,,9,9,999,UA,United Air Lines Inc.,L,2025,2
,,,,,,,,9,9,999,UA,United Air Lines Inc.,L,2025,3
,,,,,,,,9,9,999,UA,United Air Lines Inc.,L,2025,4
,,,,,,,,9,9,999,UA,United Air Lines Inc.,P,2025,1
,,,,,,,,9,9,999,UA,United Air Lines Inc.,P,2025,2
,,,,,,,,9,9,999,UA,United Air Lines Inc.,P,2025,3
,,,,,,,,9,9,999,UA,United Air Lines Inc.,P,2025,4
,,,,,,,,9,9,999,WI,Sky Lease Cargo,I,2025,1
,,,,,,,,9,9,999,WI,Sky Lease Cargo,I,2025,2
,,,,,,,,9,9,999,WI,Sky Lease Cargo,I,2025,3
,,,,,,,,9,9,999,WI,Sky Lease Cargo,I,2025,4
,,,,,,,,9,9,999,WL,"Caribbean Sun Airlines, Inc. d/b/a World Atlantic Airlines",D,2025,1
,,,,,,,,9,9,999,WL,"Caribbean Sun Airlines, Inc. d/b/a World Atlantic Airlines",D,2025,3
,,,,,,,,9,9,999,WL,"Caribbean Sun Airlines, Inc. d/b/a World Atlantic Airlines",D,2025,4
,,,,,,,,9,9,999,WL,"Caribbean Sun Airlines, Inc. d/b/a World Atlantic Airlines",I,2025,1
,,,,,,,,9,9,999,WL,"Caribbean Sun Airlines, Inc. d/b/a World Atlantic Airlines",I,2025,3
,,,,,,,,9,9,999,WL,"Caribbean Sun Airlines, Inc. d/b/a World Atlantic Airlines",I,2025,4
,,,,,,,,9,9,999,WN,Southwest Airlines Co.,D,2025,1
,,,,,,,,9,9,999,WN,Southwest Airlines Co.,D,2025,2
,,,,,,,,9,9,999,WN,Southwest Airlines Co.,D,2025,3
,,,,,,,,9,9,999,WN,Southwest Airlines Co.,D,2025,4
,,,,,,,,9,9,999,WN,Southwest Airlines Co.,L,2025,1
,,,,,,,,9,9,999,WN,Southwest Airlines Co.,L,2025,2
,,,,,,,,9,9,999,WN,Southwest Airlines Co.,L,2025,3
,,,,,,,,9,9,999,WN,Southwest Airlines Co.,L,2025,4
,,,,,,,,9,9,999,X9,Omni Air International LLC,D,2025,1
,,,,,,,,9,9,999,X9,Omni Air International LLC,D,2025,2
,,,,,,,,9,9,999,X9,Omni Air International LLC,D,2025,3
,,,,,,,,9,9,999,X9,Omni Air International LLC,D,2025,4
,,,,,,,,9,9,999,X9,Omni Air International LLC,I,2025,1
,,,,,,,,9,9,999,X9,Omni Air International LLC,I,2025,2
,,,,,,,,9,9,999,X9,Omni Air International LLC,I,2025,3
,,,,,,,,9,9,999,X9,Omni Air International LLC,I,2025,4
,,,,,,,,9,9,999,XP,TEM Enterprises dba  Avelo Airlines,D,2025,1
,,,,,,,,9,9,999,XP,TEM Enterprises dba  Avelo Airlines,D,2025,2
,,,,,,,,9,9,999,XP,TEM Enterprises dba  Avelo Airlines,D,2025,3
,,,,,,,,9,9,999,XP,TEM Enterprises dba  Avelo Airlines,D,2025,4
,,,,,,,,9,9,999,YV,Mesa Airlines Inc.,D,2025,1
,,,,,,,,9,9,999,YV,Mesa Airlines Inc.,D,2025,2
,,,,,,,,9,9,999,YV,Mesa Airlines Inc.,D,2025,3
,,,,,,,,9,9,999,YV,Mesa Airlines Inc.,D,2025,4
,,,,,,,,9,9,999,YV,Mesa Airlines Inc.,L,2025,1
,,,,,,,,9,9,999,YV,Mesa Airlines Inc.,L,2025,2
,,,,,,,,9,9,999,YV,Mesa Airlines Inc.,L,2025,3
,,,,,,,,9,9,999,YV,Mesa Airlines Inc.,L,2025,4
,,,,,,,,9,9,999,YX,Republic Airline,D,2025,1
,,,,,,,,9,9,999,YX,Republic Airline,D,2025,2
,,,,,,,,9,9,999,YX,Republic Airline,D,2025,3
,,,,,,,,9,9,999,YX,Republic Airline,D,2025,4
,,,,,,,,9,9,999,YX,Republic Airline,L,2025,1
,,,,,,,,9,9,999,YX,Republic Airline,L,2025,2
,,,,,,,,9,9,999,YX,Republic Airline,L,2025,3
,,,,,,,,9,9,999,YX,Republic Airline,L,2025,4
,,,,,,,,9,9,999,ZW,Air Wisconsin Airlines Corp,D,2025,1
,,,,,,,,9,9,999,ZW,Air Wisconsin Airlines Corp,D,2025,2
,,,,,,,,9,9,999,ZW,Air Wisconsin Airlines Corp,D,2025,3
,,,,,,,,9,9,999,ZW,Air Wisconsin Airlines Corp,D,2025,4
,,,,,0.00,0.00,0.00,1,3,390,27Q,"Jet Aviation Flight Services, Inc.",I,2025,1
,,,,,0.00,0.00,0.00,1,3,390,27Q,"Jet Aviation Flight Services, Inc.",I,2025,2
,,,,,0.00,0.00,0.00,1,3,390,27Q,"Jet Aviation Flight Services, Inc.",I,2025,3
,,,,,0.00,0.00,0.00,1,3,390,27Q,"Jet Aviation Flight Services, Inc.",I,2025,4
,,,,,0.00,0.00,0.00,1,6,515,27Q,"Jet Aviation Flight Services, Inc.",I,2025,3
,,,,,0.00,0.00,0.00,1,6,515,27Q,"Jet Aviation Flight Services, Inc.",I,2025,4
,,,,,0.00,0.00,0.00,1,6,641,27Q,"Jet Aviation Flight Services, Inc.",I,2025,1
,,,,,0.00,0.00,0.00,1,6,641,27Q,"Jet Aviation Flight Services, Inc.",I,2025,2
,,,,,0.00,0.00,0.00,1,6,648,27Q,"Jet Aviation Flight Services, Inc.",D,2025,4
,,,,,0.00,0.00,0.00,1,6,648,27Q,"Jet Aviation Flight Services, Inc.",I,2025,4
,,,,,0.00,0.00,0.00,1,6,658,27Q,"Jet Aviation Flight Services, Inc.",D,2025,4
,,,,,0.00,0.00,0.00,1,6,658,27Q,"Jet Aviation Flight Services, Inc.",I,2025,4
,,,,,0.00,0.00,0.00,1,6,667,27Q,"Jet Aviation Flight Services, Inc.",I,2025,1
,,,,,0.00,0.00,0.00,1,6,667,27Q,"Jet Aviation Flight Services, Inc.",I,2025,2
,,,,,0.00,0.00,0.00,1,6,669,27Q,"Jet Aviation Flight Services, Inc.",D,2025,1
,,,,,0.00,0.00,0.00,1,6,669,27Q,"Jet Aviation Flight Services, Inc.",D,2025,2
,,,,,0.00,0.00,0.00,1,6,669,27Q,"Jet Aviation Flight Services, Inc.",D,2025,3
,,,,,0.00,0.00,0.00,1,6,669,27Q,"Jet Aviation Flight Services, Inc.",D,2025,4
,,,,,0.00,0.00,0.00,1,6,669,27Q,"Jet Aviation Flight Services, Inc.",I,2025,1
,,,,,0.00,0.00,0.00,1,6,669,27Q,"Jet Aviation Flight Services, Inc.",I,2025,2
,,,,,0.00,0.00,0.00,1,6,669,27Q,"Jet Aviation Flight Services, Inc.",I,2025,3
,,,,,0.00,0.00,0.00,1,6,669,27Q,"Jet Aviation Flight Services, Inc.",I,2025,4
,,,,,0.00,0.00,0.00,1,6,671,27Q,"Jet Aviation Flight Services, Inc.",I,2025,1
,,,,,0.00,0.00,0.00,1,6,671,27Q,"Jet Aviation Flight Services, Inc.",I,2025,2
,,,,,0.00,0.00,0.00,1,6,671,27Q,"Jet Aviation Flight Services, Inc.",I,2025,3
,,,,,0.00,0.00,0.00,1,6,672,27Q,"Jet Aviation Flight Services, Inc.",D,2025,1
,,,,,0.00,0.00,0.00,1,6,672,27Q,"Jet Aviation Flight Services, Inc.",D,2025,2
,,,,,0.00,0.00,0.00,1,6,672,27Q,"Jet Aviation Flight Services, Inc.",D,2025,3
,,,,,0.00,0.00,0.00,1,6,672,27Q,"Jet Aviation Flight Services, Inc.",D,2025,4
,,,,,0.00,0.00,0.00,1,6,672,27Q,"Jet Aviation Flight Services, Inc.",I,2025,1
,,,,,0.00,0.00,0.00,1,6,672,27Q,"Jet Aviation Flight Services, Inc.",I,2025,2
,,,,,0.00,0.00,0.00,1,6,672,27Q,"Jet Aviation Flight Services, Inc.",I,2025,3
,,,,,0.00,0.00,0.00,1,6,672,27Q,"Jet Aviation Flight Services, Inc.",I,2025,4
,,,,,0.00,0.00,0.00,1,6,682,27Q,"Jet Aviation Flight Services, Inc.",D,2025,2
,,,,,0.00,0.00,0.00,1,6,682,27Q,"Jet Aviation Flight Services, Inc.",I,2025,2
,,,,,0.00,0.00,0.00,1,6,682,27Q,"Jet Aviation Flight Services, Inc.",I,2025,3
,,,,,0.00,0.00,0.00,1,6,682,27Q,"Jet Aviation Flight Services, Inc.",I,2025,4
,,,,,0.00,0.00,0.00,1,6,684,27Q,"Jet Aviation Flight Services, Inc.",D,2025,1
,,,,,0.00,0.00,0.00,1,6,684,27Q,"Jet Aviation Flight Services, Inc.",D,2025,2
,,,,,0.00,0.00,0.00,1,6,684,27Q,"Jet Aviation Flight Services, Inc.",D,2025,3
,,,,,0.00,0.00,0.00,1,6,684,27Q,"Jet Aviation Flight Services, Inc.",D,2025,4
,,,,,0.00,0.00,0.00,1,6,684,27Q,"Jet Aviation Flight Services, Inc.",I,2025,1
,,,,,0.00,0.00,0.00,1,6,684,27Q,"Jet Aviation Flight Services, Inc.",I,2025,2
,,,,,0.00,0.00,0.00,1,6,684,27Q,"Jet Aviation Flight Services, Inc.",I,2025,3
,,,,,0.00,0.00,0.00,1,6,684,27Q,"Jet Aviation Flight Services, Inc.",I,2025,4
,,,,,0.00,0.00,0.00,1,6,745,27Q,"Jet Aviation Flight Services, Inc.",I,2025,1
,,,,,0.00,0.00,0.00,1,6,745,27Q,"Jet Aviation Flight Services, Inc.",I,2025,2
,,,,,0.00,0.00,0.00,1,6,751,27Q,"Jet Aviation Flight Services, Inc.",I,2025,1
,,,,,0.00,0.00,0.00,1,6,751,27Q,"Jet Aviation Flight Services, Inc.",I,2025,3
,,,,,0.00,0.00,0.00,1,6,752,27Q,"Jet Aviation Flight Services, Inc.",I,2025,4
,,,,,0.00,0.00,0.00,1,6,754,27Q,"Jet Aviation Flight Services, Inc.",I,2025,4
,,,,,0.00,0.00,0.00,1,6,755,27Q,"Jet Aviation Flight Services, Inc.",I,2025,4
,,,,,0.00,0.00,0.00,1,7,770,27Q,"Jet Aviation Flight Services, Inc.",I,2025,2
,,,,,0.00,0.00,0.00,1,7,775,27Q,"Jet Aviation Flight Services, Inc.",I,2025,1
,,,,,0.00,0.00,0.00,3,6,665,27Q,"Jet Aviation Flight Services, Inc.",D,2025,1
,,,,,0.00,0.00,0.00,3,6,665,27Q,"Jet Aviation Flight Services, Inc.",D,2025,2
,,,,,0.00,0.00,0.00,3,6,665,27Q,"Jet Aviation Flight Services, Inc.",D,2025,4
,,,,,0.00,0.00,0.00,3,6,665,27Q,"Jet Aviation Flight Services, Inc.",I,2025,1
,,,,,0.00,0.00,0.00,3,6,665,27Q,"Jet Aviation Flight Services, Inc.",I,2025,4
,,,,,0.00,0.00,0.53,1,4,892,27Q,"Jet Aviation Flight Services, Inc.",I,2025,4
,,,,,0.01,0.01,2.01,1,7,770,27Q,"Jet Aviation Flight Services, Inc.",I,2025,1
,,,,,0.01,0.01,2.17,1,7,775,27Q,"Jet Aviation Flight Services, Inc.",I,2025,4
,,,,,0.01,0.01,2.87,1,6,641,27Q,"Jet Aviation Flight Services, Inc.",I,2025,3
,,,,,0.01,0.01,3.30,1,6,745,27Q,"Jet Aviation Flight Services, Inc.",I,2025,3
,,,,,0.02,0.00,1.98,1,6,751,27Q,"Jet Aviation Flight Services, Inc.",I,2025,4
,,,,,0.02,0.01,2.43,1,6,648,27Q,"Jet Aviation Flight Services, Inc.",I,2025,3
,,,,,0.02,0.01,3.67,1,6,648,27Q,"Jet Aviation Flight Services, Inc.",I,2025,2
,,,,,0.02,0.01,7.40,1,6,641,27Q,"Jet Aviation Flight Services, Inc.",I,2025,4
,,,,,0.03,0.00,0.80,1,6,745,27Q,"Jet Aviation Flight Services, Inc.",I,2025,4
,,,,,0.03,0.01,2.04,1,6,688,27Q,"Jet Aviation Flight Services, Inc.",I,2025,2
,,,,,0.03,0.01,5.71,1,6,751,27Q,"Jet Aviation Flight Services, Inc.",I,2025,2
,,,,,0.03,0.02,4.49,1,6,648,27Q,"Jet Aviation Flight Services, Inc.",I,2025,1
,,,,,0.04,0.01,4.03,1,6,609,27Q,"Jet Aviation Flight Services, Inc.",I,2025,1
,,,,,0.04,0.02,5.41,1,6,515,27Q,"Jet Aviation Flight Services, Inc.",I,2025,2
,,,,,0.04,0.02,6.03,1,7,770,27Q,"Jet Aviation Flight Services, Inc.",I,2025,4
,,,,,0.04,0.03,10.16,1,6,609,27Q,"Jet Aviation Flight Services, Inc.",I,2025,3
,,,,,0.04,0.03,11.32,1,6,609,27Q,"Jet Aviation Flight Services, Inc.",I,2025,2
,,,,,0.04,0.03,12.34,1,6,667,27Q,"Jet Aviation Flight Services, Inc.",I,2025,3
,,,,,0.04,0.03,16.65,1,6,753,27Q,"Jet Aviation Flight Services, Inc.",D,2025,4
,,,,,0.05,0.01,1.53,3,6,665,27Q,"Jet Aviation Flight Services, Inc.",I,2025,3
,,,,,0.05,0.01,1.58,3,6,665,27Q,"Jet Aviation Flight Services, Inc.",D,2025,3
,,,,,0.05,0.01,5.17,1,6,515,27Q,"Jet Aviation Flight Services, Inc.",I,2025,1
,,,,,0.05,0.03,12.27,1,6,688,27Q,"Jet Aviation Flight Services, Inc.",I,2025,1
,,,,,0.05,0.04,23.76,1,6,658,27Q,"Jet Aviation Flight Services, Inc.",I,2025,1
,,,,,0.06,0.01,2.04,1,6,745,27Q,"Jet Aviation Flight Services, Inc.",D,2025,4
,,,,,0.06,0.03,13.71,1,6,751,27Q,"Jet Aviation Flight Services, Inc.",D,2025,2
,,,,,0.06,0.03,14.69,1,7,775,27Q,"Jet Aviation Flight Services, Inc.",I,2025,3
,,,,,0.06,0.04,19.49,1,6,667,27Q,"Jet Aviation Flight Services, Inc.",I,2025,4
,,,,,0.06,0.05,26.97,1,6,753,27Q,"Jet Aviation Flight Services, Inc.",I,2025,4
,,,,,0.07,0.01,1.68,1,6,682,27Q,"Jet Aviation Flight Services, Inc.",I,2025,1
,,,,,0.07,0.02,11.41,1,6,750,27Q,"Jet Aviation Flight Services, Inc.",I,2025,3
,,,,,0.07,0.03,8.62,1,6,609,27Q,"Jet Aviation Flight Services, Inc.",I,2025,4
,,,,,0.07,0.04,21.67,1,6,750,27Q,"Jet Aviation Flight Services, Inc.",I,2025,2
,,,,,0.07,0.06,45.89,1,6,641,27Q,"Jet Aviation Flight Services, Inc.",D,2025,4
,,,,,0.08,0.03,14.90,1,6,749,27Q,"Jet Aviation Flight Services, Inc.",I,2025,4
,,,,,0.08,0.03,15.83,1,6,641,27Q,"Jet Aviation Flight Services, Inc.",D,2025,3
,,,,,0.08,0.04,17.67,1,6,688,27Q,"Jet Aviation Flight Services, Inc.",I,2025,3
,,,,,0.09,0.00,0.74,1,3,390,27Q,"Jet Aviation Flight Services, Inc.",D,2025,1
,,,,,0.09,0.00,1.43,3,6,665,27Q,"Jet Aviation Flight Services, Inc.",I,2025,2
,,,,,0.09,0.01,0.78,1,3,390,27Q,"Jet Aviation Flight Services, Inc.",D,2025,4
,,,,,0.09,0.01,0.93,1,3,390,27Q,"Jet Aviation Flight Services, Inc.",D,2025,3
,,,,,0.09,0.01,1.72,1,3,390,27Q,"Jet Aviation Flight Services, Inc.",D,2025,2
,,,,,0.09,0.01,3.49,1,7,770,27Q,"Jet Aviation Flight Services, Inc.",I,2025,3
,,,,,0.09,0.01,3.74,1,6,671,27Q,"Jet Aviation Flight Services, Inc.",I,2025,4
,,,,,0.09,0.01,4.30,1,6,515,27Q,"Jet Aviation Flight Services, Inc.",D,2025,3
,,,,,0.09,0.02,5.49,1,6,682,27Q,"Jet Aviation Flight Services, Inc.",D,2025,4
,,,,,0.09,0.02,9.57,1,6,751,27Q,"Jet Aviation Flight Services, Inc.",D,2025,3
,,,,,0.09,0.02,11.04,1,6,671,27Q,"Jet Aviation Flight Services, Inc.",D,2025,1
,,,,,0.09,0.03,9.17,1,6,745,27Q,"Jet Aviation Flight Services, Inc.",D,2025,1
,,,,,0.09,0.03,13.34,1,6,641,27Q,"Jet Aviation Flight Services, Inc.",D,2025,2
,,,,,0.09,0.03,18.84,1,6,751,27Q,"Jet Aviation Flight Services, Inc.",D,2025,1
,,,,,0.09,0.04,24.58,1,6,641,27Q,"Jet Aviation Flight Services, Inc.",D,2025,1
,,,,,0.09,0.05,13.02,1,6,515,27Q,"Jet Aviation Flight Services, Inc.",D,2025,4
,,,,,0.09,0.05,16.60,1,6,745,27Q,"Jet Aviation Flight Services, Inc.",D,2025,2
,,,,,0.09,0.06,10.01,1,4,892,27Q,"Jet Aviation Flight Services, Inc.",D,2025,4
,,,,,0.09,0.06,28.16,1,6,755,27Q,"Jet Aviation Flight Services, Inc.",D,2025,4
,,,,,0.09,0.06,29.44,1,6,667,27Q,"Jet Aviation Flight Services, Inc.",D,2025,2
,,,,,0.09,0.07,19.84,1,6,754,27Q,"Jet Aviation Flight Services, Inc.",D,2025,4
,,,,,0.09,0.09,33.88,1,7,770,27Q,"Jet Aviation Flight Services, Inc.",D,2025,2
,,,,,0.10,0.03,15.56,1,6,658,27Q,"Jet Aviation Flight Services, Inc.",I,2025,2
,,,,,0.10,0.03,17.40,1,6,688,27Q,"Jet Aviation Flight Services, Inc.",I,2025,4
,,,,,0.10,0.08,28.45,1,7,770,27Q,"Jet Aviation Flight Services, Inc.",D,2025,3
,,,,,0.11,0.05,24.47,1,6,750,27Q,"Jet Aviation Flight Services, Inc.",D,2025,3
,,,,,0.12,0.04,14.83,1,6,609,27Q,"Jet Aviation Flight Services, Inc.",D,2025,4
,,,,,0.12,0.05,19.51,1,6,750,27Q,"Jet Aviation Flight Services, Inc.",I,2025,4
,,,,,0.13,0.03,11.85,1,6,667,27Q,"Jet Aviation Flight Services, Inc.",D,2025,4
,,,,,0.13,0.04,23.60,1,6,658,27Q,"Jet Aviation Flight Services, Inc.",I,2025,3
,,,,,0.13,0.05,25.25,1,6,515,27Q,"Jet Aviation Flight Services, Inc.",D,2025,1
,,,,,0.13,0.11,49.45,1,7,775,27Q,"Jet Aviation Flight Services, Inc.",I,2025,2
,,,,,0.14,0.04,12.37,1,6,667,27Q,"Jet Aviation Flight Services, Inc.",D,2025,3
,,,,,0.14,0.05,16.20,1,6,609,27Q,"Jet Aviation Flight Services, Inc.",D,2025,3
,,,,,0.14,0.05,17.42,1,6,515,27Q,"Jet Aviation Flight Services, Inc.",D,2025,2
,,,,,0.14,0.06,20.10,1,6,609,27Q,"Jet Aviation Flight Services, Inc.",D,2025,1
,,,,,0.14,0.07,32.31,1,6,609,27Q,"Jet Aviation Flight Services, Inc.",D,2025,2
,,,,,0.14,0.09,32.31,1,7,770,27Q,"Jet Aviation Flight Services, Inc.",D,2025,4
,,,,,0.15,0.07,20.10,1,6,648,27Q,"Jet Aviation Flight Services, Inc.",D,2025,1
,,,,,0.15,0.08,41.95,1,6,750,27Q,"Jet Aviation Flight Services, Inc.",I,2025,1
,,,,,0.16,0.02,10.39,1,6,751,27Q,"Jet Aviation Flight Services, Inc.",D,2025,4
,,,,,0.17,0.05,20.40,1,7,775,27Q,"Jet Aviation Flight Services, Inc.",D,2025,4
,,,,,0.17,0.07,19.51,1,6,648,27Q,"Jet Aviation Flight Services, Inc.",D,2025,3
,,,,,0.17,0.08,40.21,1,6,658,27Q,"Jet Aviation Flight Services, Inc.",D,2025,2
,,,,,0.17,0.09,31.30,1,6,745,27Q,"Jet Aviation Flight Services, Inc.",D,2025,3
,,,,,0.17,0.11,39.85,1,7,770,27Q,"Jet Aviation Flight Services, Inc.",D,2025,1
,,,,,0.18,0.02,5.92,1,6,682,27Q,"Jet Aviation Flight Services, Inc.",D,2025,3
,,,,,0.18,0.04,20.44,1,6,667,27Q,"Jet Aviation Flight Services, Inc.",D,2025,1
,,,,,0.18,0.06,26.13,1,6,671,27Q,"Jet Aviation Flight Services, Inc.",D,2025,2
,,,,,0.18,0.06,30.24,1,6,671,27Q,"Jet Aviation Flight Services, Inc.",D,2025,4
,,,,,0.18,0.06,32.09,1,6,688,27Q,"Jet Aviation Flight Services, Inc.",D,2025,4
,,,,,0.18,0.11,30.19,1,6,752,27Q,"Jet Aviation Flight Services, Inc.",D,2025,4
,,,,,0.19,0.02,5.01,1,6,682,27Q,"Jet Aviation Flight Services, Inc.",D,2025,1
,,,,,0.20,0.06,37.12,1,6,750,27Q,"Jet Aviation Flight Services, Inc.",D,2025,2
,,,,,0.23,0.14,67.95,1,7,775,27Q,"Jet Aviation Flight Services, Inc.",D,2025,2
,,,,,0.25,0.09,26.92,1,6,648,27Q,"Jet Aviation Flight Services, Inc.",D,2025,2
,,,,,0.28,0.10,47.04,1,6,688,27Q,"Jet Aviation Flight Services, Inc.",D,2025,3
,,,,,0.28,0.12,47.54,1,6,749,27Q,"Jet Aviation Flight Services, Inc.",D,2025,4
,,,,,0.29,0.16,91.49,1,6,750,27Q,"Jet Aviation Flight Services, Inc.",D,2025,1
,,,,,0.30,0.12,60.57,1,6,658,27Q,"Jet Aviation Flight Services, Inc.",D,2025,1
,,,,,0.33,0.09,51.46,1,6,658,27Q,"Jet Aviation Flight Services, Inc.",D,2025,3
,,,,,0.36,0.09,41.99,1,6,671,27Q,"Jet Aviation Flight Services, Inc.",D,2025,3
,,,,,0.40,0.14,63.04,1,6,688,27Q,"Jet Aviation Flight Services, Inc.",D,2025,1
,,,,,0.40,0.14,64.17,1,7,775,27Q,"Jet Aviation Flight Services, Inc.",D,2025,3
,,,,,0.42,0.14,63.88,1,6,688,27Q,"Jet Aviation Flight Services, Inc.",D,2025,2
,,,,,0.43,0.13,89.61,1,6,750,27Q,"Jet Aviation Flight Services, Inc.",D,2025,4
,,,,,0.45,0.19,85.42,1,7,775,27Q,"Jet Aviation Flight Services, Inc.",D,2025,1
,0.00,,,0.00,0.00,0.00,,2,1,110,FX,Federal Express Corporation,P,2025,1
,0.00,,,0.00,0.00,0.00,,2,1,110,FX,Federal Express Corporation,P,2025,2
,0.00,,,0.00,0.00,0.00,,2,1,110,FX,Federal Express Corporation,P,2025,3
,0.00,,,0.00,0.00,0.00,,2,1,110,FX,Federal Express Corporation,P,2025,4
,0.00,,,0.00,0.00,0.00,,2,4,416,FX,Federal Express Corporation,P,2025,1
,0.00,,,0.00,0.00,0.00,,2,4,416,FX,Federal Express Corporation,P,2025,2
,0.00,,,0.00,0.00,0.00,,2,4,416,FX,Federal Express Corporation,P,2025,3
,0.00,,,0.00,0.00,0.00,,2,4,416,FX,Federal Express Corporation,P,2025,4
,0.00,0.00,0.00,0.00,0.00,,,2,4,416,FX,Federal Express Corporation,A,2025,1
,0.00,0.00,0.00,0.00,0.00,,,2,4,416,FX,Federal Express Corporation,A,2025,2
,0.00,0.00,0.00,0.00,0.00,,,2,4,416,FX,Federal Express Corporation,A,2025,3
,0.00,0.00,0.00,0.00,0.00,,,2,4,416,FX,Federal Express Corporation,A,2025,4
,1626.00,43.00,119.00,1857.00,0.78,1.47,,2,4,416,FX,Federal Express Corporation,L,2025,3
,1674.00,51.00,146.00,1934.00,0.77,1.47,,2,4,416,FX,Federal Express Corporation,L,2025,4
,1826.00,43.00,118.00,2044.00,0.74,1.46,,2,4,416,FX,Federal Express Corporation,L,2025,2
,1961.00,12.00,36.00,2050.00,0.36,1.41,,2,4,416,FX,Federal Express Corporation,L,2025,1
,9375.00,,,9375.00,2.11,4.38,,2,1,110,FX,Federal Express Corporation,A,2025,1
,10798.00,,,10798.00,2.44,4.85,,2,1,110,FX,Federal Express Corporation,A,2025,2
,12660.00,,,18889.00,3.46,4.50,,2,1,110,FX,Federal Express Corporation,D,2025,1
,12756.00,,,19399.00,3.81,4.72,,2,1,110,FX,Federal Express Corporation,D,2025,4
,13114.00,,,13114.00,3.14,1.84,,2,1,110,FX,Federal Express Corporation,L,2025,3
,13485.00,,,13485.00,3.11,1.89,,2,1,110,FX,Federal Express Corporation,L,2025,1
,13813.00,,,20432.00,3.46,4.69,,2,1,110,FX,Federal Express Corporation,D,2025,3
,14323.00,,,14323.00,3.15,1.84,,2,1,110,FX,Federal Express Corporation,L,2025,4
,15300.00,,,15300.00,2.70,4.97,,2,1,110,FX,Federal Express Corporation,A,2025,3
,15882.00,,,22355.00,3.63,4.64,,2,1,110,FX,Federal Express Corporation,D,2025,2
,17578.00,,,17578.00,3.18,1.82,,2,1,110,FX,Federal Express Corporation,L,2025,2
,21934.00,479.00,817.00,24830.00,14.41,21.54,,2,4,416,FX,Federal Express Corporation,D,2025,1
,22046.00,908.00,1496.00,25670.00,15.76,21.72,,2,4,416,FX,Federal Express Corporation,D,2025,2
,22663.00,897.00,1511.00,26489.00,16.15,22.08,,2,4,416,FX,Federal Express Corporation,D,2025,3
,24086.00,1081.00,1944.00,28438.00,16.35,21.68,,2,4,416,FX,Federal Express Corporation,D,2025,4
,24362.00,,,24362.00,2.39,4.97,,2,1,110,FX,Federal Express Corporation,A,2025,4
-161.66,3969.36,1564.52,1564.52,9096.16,0.82,0.21,5825.74,1,6,638,YV,Mesa Airlines Inc.,D,2025,1
-41.08,26441.58,31452.35,31452.35,59940.71,28.66,4.30,13093.52,1,6,673,YV,Mesa Airlines Inc.,D,2025,1
-10.00,-259.00,1525.00,4370.00,4461.00,0.24,0.02,540.78,2,6,683,FX,Federal Express Corporation,L,2025,4
-9.13,4868.06,13203.27,14705.08,19749.41,21.04,2.14,19625.79,1,6,673,YV,Mesa Airlines Inc.,D,2025,4
-1.39,897.16,1067.17,1067.17,2033.78,0.97,0.15,444.26,1,6,673,YV,Mesa Airlines Inc.,L,2025,1
-1.00,-35.00,161.00,442.00,448.00,0.03,0.00,62.72,2,6,683,FX,Federal Express Corporation,L,2025,2
-0.36,193.57,524.99,584.70,785.28,0.84,0.09,780.36,1,6,673,YV,Mesa Airlines Inc.,L,2025,4
0.00,-589.00,2253.00,4029.00,3886.00,0.16,0.09,271.64,2,6,691,FX,Federal Express Corporation,P,2025,3
0.00,-546.00,2285.00,4173.00,4077.00,0.16,0.09,261.06,2,6,691,FX,Federal Express Corporation,P,2025,2
0.00,-525.00,2346.00,4327.00,4214.00,0.14,0.08,225.80,2,6,691,FX,Federal Express Corporation,P,2025,1
0.00,-215.00,629.00,1197.00,1099.00,0.05,0.03,82.47,2,6,691,FX,Federal Express Corporation,P,2025,4
0.00,-19.00,65.00,194.00,188.00,0.01,0.00,22.75,2,6,683,FX,Federal Express Corporation,L,2025,1
0.00,-4.16,0.03,0.11,-4.05,0.00,0.00,0.00,1,6,678,B6,JetBlue Airways,L,2025,2
0.00,-1.74,-63.59,-63.59,-65.33,0.00,0.00,0.00,2,6,614,YV,Mesa Airlines Inc.,D,2025,2
0.00,-1.74,-63.59,-63.59,-65.33,0.00,0.00,0.00,2,6,617,YV,Mesa Airlines Inc.,D,2025,2
0.00,0.00,,,0.00,,,0.00,2,7,715,FX,Federal Express Corporation,A,2025,1
0.00,0.00,,,0.00,,,0.00,2,7,715,FX,Federal Express Corporation,A,2025,2
0.00,0.00,,,0.00,,,0.00,2,7,715,FX,Federal Express Corporation,A,2025,3
0.00,0.00,,,0.00,,,0.00,2,7,715,FX,Federal Express Corporation,A,2025,4
0.00,0.00,-0.11,-0.11,-0.11,0.00,0.00,0.00,2,6,614,YV,Mesa Airlines Inc.,D,2025,3
0.00,0.00,-0.11,-0.11,-0.11,0.00,0.00,0.00,2,6,617,YV,Mesa Airlines Inc.,D,2025,3
0.00,0.00,0.00,0.00,0.00,0.00,0.00,0.00,1,4,461,OO,SkyWest Airlines Inc.,D,2025,1
0.00,0.00,0.00,0.00,0.00,0.00,0.00,0.00,1,4,461,OO,SkyWest Airlines Inc.,D,2025,2
0.00,0.00,0.00,0.00,0.00,0.00,0.00,0.00,1,4,461,OO,SkyWest Airlines Inc.,D,2025,3
0.00,0.00,0.00,0.00,0.00,0.00,0.00,0.00,1,4,461,OO,SkyWest Airlines Inc.,D,2025,4
0.00,0.00,0.00,0.00,0.00,0.00,0.00,0.00,1,6,608,DL,Delta Air Lines Inc.,A,2025,1
0.00,0.00,0.00,0.00,0.00,0.00,0.00,0.00,1,6,608,DL,Delta Air Lines Inc.,A,2025,2
0.00,0.00,0.00,0.00,0.00,0.00,0.00,0.00,1,6,608,DL,Delta Air Lines Inc.,A,2025,3
0.00,0.00,0.00,0.00,0.00,0.00,0.00,0.00,1,6,608,DL,Delta Air Lines Inc.,A,2025,4
0.00,0.00,0.00,0.00,0.00,0.00,0.00,0.00,1,6,608,DL,Delta Air Lines Inc.,L,2025,1
0.00,0.00,0.00,0.00,0.00,0.00,0.00,0.00,1,6,608,DL,Delta Air Lines Inc.,L,2025,2
0.00,0.00,0.00,0.00,0.00,0.00,0.00,0.00,1,6,608,DL,Delta Air Lines Inc.,L,2025,3
0.00,0.00,0.00,0.00,0.00,0.00,0.00,0.00,1,6,608,DL,Delta Air Lines Inc.,L,2025,4
0.00,0.00,0.00,0.00,0.00,0.00,0.00,0.00,1,6,608,DL,Delta Air Lines Inc.,P,2025,1
0.00,0.00,0.00,0.00,0.00,0.00,0.00,0.00,1,6,608,DL,Delta Air Lines Inc.,P,2025,2
0.00,0.00,0.00,0.00,0.00,0.00,0.00,0.00,1,6,608,DL,Delta Air Lines Inc.,P,2025,3
0.00,0.00,0.00,0.00,0.00,0.00,0.00,0.00,1,6,608,DL,Delta Air Lines Inc.,P,2025,4
0.00,0.00,0.00,0.00,0.00,0.00,0.00,0.00,1,6,612,AS,Alaska Airlines Inc.,L,2025,1
0.00,0.00,0.00,0.00,0.00,0.00,0.00,0.00,1,6,612,AS,Alaska Airlines Inc.,L,2025,2
0.00,0.00,0.00,0.00,0.00,0.00,0.00,0.00,1,6,612,AS,Alaska Airlines Inc.,L,2025,3
0.00,0.00,0.00,0.00,0.00,0.00,0.00,0.00,1,6,612,AS,Alaska Airlines Inc.,L,2025,4
0.00,0.00,0.00,0.00,0.00,0.00,0.00,0.00,1,6,612,DL,Delta Air Lines Inc.,A,2025,1
0.00,0.00,0.00,0.00,0.00,0.00,0.00,0.00,1,6,612,DL,Delta Air Lines Inc.,A,2025,2
0.00,0.00,0.00,0.00,0.00,0.00,0.00,0.00,1,6,612,DL,Delta Air Lines Inc.,A,2025,3
0.00,0.00,0.00,0.00,0.00,0.00,0.00,0.00,1,6,612,DL,Delta Air Lines Inc.,A,2025,4
0.00,0.00,0.00,0.00,0.00,0.00,0.00,0.00,1,6,612,DL,Delta Air Lines Inc.,D,2025,1
0.00,0.00,0.00,0.00,0.00,0.00,0.00,0.00,1,6,612,DL,Delta Air Lines Inc.,D,2025,2
0.00,0.00,0.00,0.00,0.00,0.00,0.00,0.00,1,6,612,DL,Delta Air Lines Inc.,D,2025,3
0.00,0.00,0.00,0.00,0.00,0.00,0.00,0.00,1,6,612,DL,Delta Air Lines Inc.,D,2025,4
0.00,0.00,0.00,0.00,0.00,0.00,0.00,0.00,1,6,612,DL,Delta Air Lines Inc.,L,2025,1
0.00,0.00,0.00,0.00,0.00,0.00,0.00,0.00,1,6,612,DL,Delta Air Lines Inc.,L,2025,2
0.00,0.00,0.00,0.00,0.00,0.00,0.00,0.00,1,6,612,DL,Delta Air Lines Inc.,L,2025,3
0.00,0.00,0.00,0.00,0.00,0.00,0.00,0.00,1,6,612,DL,Delta Air Lines Inc.,L,2025,4
0.00,0.00,0.00,0.00,0.00,0.00,0.00,0.00,1,6,612,DL,Delta Air Lines Inc.,P,2025,1
0.00,0.00,0.00,0.00,0.00,0.00,0.00,0.00,1,6,612,DL,Delta Air Lines Inc.,P,2025,2
0.00,0.00,0.00,0.00,0.00,0.00,0.00,0.00,1,6,612,DL,Delta Air Lines Inc.,P,2025,3
0.00,0.00,0.00,0.00,0.00,0.00,0.00,0.00,1,6,612,DL,Delta Air Lines Inc.,P,2025,4
0.00,0.00,0.00,0.00,0.00,0.00,0.00,0.00,1,6,612,SY,Sun Country Airlines d/b/a MN Airlines,D,2025,1
0.00,0.00,0.00,0.00,0.00,0.00,0.00,0.00,1,6,612,SY,Sun Country Airlines d/b/a MN Airlines,D,2025,2
0.00,0.00,0.00,0.00,0.00,0.00,0.00,0.00,1,6,612,SY,Sun Country Airlines d/b/a MN Airlines,L,2025,1
0.00,0.00,0.00,0.00,0.00,0.00,0.00,0.00,1,6,612,SY,Sun Country Airlines d/b/a MN Airlines,L,2025,2
0.00,0.00,0.00,0.00,0.00,0.00,0.00,0.00,1,6,612,SY,Sun Country Airlines d/b/a MN Airlines,L,2025,3
0.00,0.00,0.00,0.00,0.00,0.00,0.00,0.00,1,6,612,SY,Sun Country Airlines d/b/a MN Airlines,L,2025,4
0.00,0.00,0.00,0.00,0.00,0.00,0.00,0.00,1,6,614,AA,American Airlines Inc.,A,2025,1
0.00,0.00,0.00,0.00,0.00,0.00,0.00,0.00,1,6,614,AA,American Airlines Inc.,A,2025,2
0.00,0.00,0.00,0.00,0.00,0.00,0.00,0.00,1,6,614,AA,American Airlines Inc.,A,2025,3
0.00,0.00,0.00,0.00,0.00,0.00,0.00,0.00,1,6,614,AA,American Airlines Inc.,A,2025,4
0.00,0.00,0.00,0.00,0.00,0.00,0.00,0.00,1,6,614,DL,Delta Air Lines Inc.,A,2025,1
0.00,0.00,0.00,0.00,0.00,0.00,0.00,0.00,1,6,614,DL,Delta Air Lines Inc.,A,2025,2
0.00,0.00,0.00,0.00,0.00,0.00,0.00,0.00,1,6,614,DL,Delta Air Lines Inc.,A,2025,3
0.00,0.00,0.00,0.00,0.00,0.00,0.00,0.00,1,6,614,DL,Delta Air Lines Inc.,A,2025,4
0.00,0.00,0.00,0.00,0.00,0.00,0.00,0.00,1,6,614,DL,Delta Air Lines Inc.,P,2025,1
0.00,0.00,0.00,0.00,0.00,0.00,0.00,0.00,1,6,614,DL,Delta Air Lines Inc.,P,2025,2
0.00,0.00,0.00,0.00,0.00,0.00,0.00,0.00,1,6,614,DL,Delta Air Lines Inc.,P,2025,3
0.00,0.00,0.00,0.00,0.00,0.00,0.00,0.00,1,6,614,DL,Delta Air Lines Inc.,P,2025,4
0.00,0.00,0.00,0.00,0.00,0.00,0.00,0.00,1,6,622,8C,Air Transport International,D,2025,1
0.00,0.00,0.00,0.00,0.00,0.00,0.00,0.00,1,6,622,8C,Air Transport International,D,2025,2
0.00,0.00,0.00,0.00,0.00,0.00,0.00,0.00,1,6,622,8C,Air Transport International,D,2025,3
0.00,0.00,0.00,0.00,0.00,0.00,0.00,0.00,1,6,622,8C,Air Transport International,D,2025,4
0.00,0.00,0.00,0.00,0.00,0.00,0.00,0.00,1,6,622,AA,American Airlines Inc.,A,2025,1
0.00,0.00,0.00,0.00,0.00,0.00,0.00,0.00,1,6,622,AA,American Airlines Inc.,A,2025,2
0.00,0.00,0.00,0.00,0.00,0.00,0.00,0.00,1,6,622,AA,American Airlines Inc.,A,2025,3
0.00,0.00,0.00,0.00,0.00,0.00,0.00,0.00,1,6,622,AA,American Airlines Inc.,A,2025,4
0.00,0.00,0.00,0.00,0.00,0.00,0.00,0.00,1,6,622,AA,American Airlines Inc.,D,2025,1
0.00,0.00,0.00,0.00,0.00,0.00,0.00,0.00,1,6,622,AA,American Airlines Inc.,D,2025,2
0.00,0.00,0.00,0.00,0.00,0.00,0.00,0.00,1,6,622,AA,American Airlines Inc.,D,2025,3
0.00,0.00,0.00,0.00,0.00,0.00,0.00,0.00,1,6,622,AA,American Airlines Inc.,D,2025,4
0.00,0.00,0.00,0.00,0.00,0.00,0.00,0.00,1,6,622,AA,American Airlines Inc.,L,2025,1
0.00,0.00,0.00,0.00,0.00,0.00,0.00,0.00,1,6,622,AA,American Airlines Inc.,L,2025,2
0.00,0.00,0.00,0.00,0.00,0.00,0.00,0.00,1,6,622,AA,American Airlines Inc.,L,2025,3
0.00,0.00,0.00,0.00,0.00,0.00,0.00,0.00,1,6,622,AA,American Airlines Inc.,L,2025,4
0.00,0.00,0.00,0.00,0.00,0.00,0.00,0.00,1,6,622,DL,Delta Air Lines Inc.,A,2025,1
0.00,0.00,0.00,0.00,0.00,0.00,0.00,0.00,1,6,622,DL,Delta Air Lines Inc.,P,2025,1
0.00,0.00,0.00,0.00,0.00,0.00,0.00,0.00,1,6,622,DL,Delta Air Lines Inc.,P,2025,2
0.00,0.00,0.00,0.00,0.00,0.00,0.00,0.00,1,6,622,DL,Delta Air Lines Inc.,P,2025,3
0.00,0.00,0.00,0.00,0.00,0.00,0.00,0.00,1,6,622,DL,Delta Air Lines Inc.,P,2025,4
0.00,0.00,0.00,0.00,0.00,0.00,0.00,0.00,1,6,622,G4,Allegiant Air,D,2025,1
0.00,0.00,0.00,0.00,0.00,0.00,0.00,0.00,1,6,622,G4,Allegiant Air,D,2025,2
0.00,0.00,0.00,0.00,0.00,0.00,0.00,0.00,1,6,622,G4,Allegiant Air,D,2025,3
0.00,0.00,0.00,0.00,0.00,0.00,0.00,0.00,1,6,622,G4,Allegiant Air,D,2025,4
0.00,0.00,0.00,0.00,0.00,0.00,0.00,0.00,1,6,622,N8,National Air Cargo Group Inc d/ba National Airlines,D,2025,2
0.00,0.00,0.00,0.00,0.00,0.00,0.00,0.00,1,6,622,N8,National Air Cargo Group Inc d/ba National Airlines,I,2025,2
0.00,0.00,0.00,0.00,0.00,0.00,0.00,0.00,1,6,622,X9,Omni Air International LLC,D,2025,1
0.00,0.00,0.00,0.00,0.00,0.00,0.00,0.00,1,6,622,X9,Omni Air International LLC,D,2025,2
0.00,0.00,0.00,0.00,0.00,0.00,0.00,0.00,1,6,622,X9,Omni Air International LLC,D,2025,3
0.00,0.00,0.00,0.00,0.00,0.00,0.00,0.00,1,6,622,X9,Omni Air International LLC,D,2025,4
0.00,0.00,0.00,0.00,0.00,0.00,0.00,0.00,1,6,622,X9,Omni Air International LLC,I,2025,1
0.00,0.00,0.00,0.00,0.00,0.00,0.00,0.00,1,6,622,X9,Omni Air International LLC,I,2025,2
0.00,0.00,0.00,0.00,0.00,0.00,0.00,0.00,1,6,622,X9,Omni Air International LLC,I,2025,3
0.00,0.00,0.00,0.00,0.00,0.00,0.00,0.00,1,6,622,X9,Omni Air International LLC,I,2025,4
0.00,0.00,0.00,0.00,0.00,0.00,0.00,0.00,1,6,623,DL,Delta Air Lines Inc.,A,2025,1
0.00,0.00,0.00,0.00,0.00,0.00,0.00,0.00,1,6,623,DL,Delta Air Lines Inc.,A,2025,2
0.00,0.00,0.00,0.00,0.00,0.00,0.00,0.00,1,6,623,DL,Delta Air Lines Inc.,A,2025,3
0.00,0.00,0.00,0.00,0.00,0.00,0.00,0.00,1,6,623,DL,Delta Air Lines Inc.,A,2025,4
0.00,0.00,0.00,0.00,0.00,0.00,0.00,0.00,1,6,623,DL,Delta Air Lines Inc.,L,2025,3
0.00,0.00,0.00,0.00,0.00,0.00,0.00,0.00,1,6,623,DL,Delta Air Lines Inc.,L,2025,4
0.00,0.00,0.00,0.00,0.00,0.00,0.00,0.00,1,6,623,DL,Delta Air Lines Inc.,P,2025,1
0.00,0.00,0.00,0.00,0.00,0.00,0.00,0.00,1,6,623,DL,Delta Air Lines Inc.,P,2025,2
0.00,0.00,0.00,0.00,0.00,0.00,0.00,0.00,1,6,623,DL,Delta Air Lines Inc.,P,2025,3
0.00,0.00,0.00,0.00,0.00,0.00,0.00,0.00,1,6,623,DL,Delta Air Lines Inc.,P,2025,4
0.00,0.00,0.00,0.00,0.00,0.00,0.00,0.00,1,6,624,DL,Delta Air Lines Inc.,L,2025,3
0.00,0.00,0.00,0.00,0.00,0.00,0.00,0.00,1,6,624,DL,Delta Air Lines Inc.,P,2025,1
0.00,0.00,0.00,0.00,0.00,0.00,0.00,0.00,1,6,624,DL,Delta Air Lines Inc.,P,2025,2
0.00,0.00,0.00,0.00,0.00,0.00,0.00,0.00,1,6,625,1BQ,"Eastern Airlines f/k/a Dynamic Airways, LLC",D,2025,1
0.00,0.00,0.00,0.00,0.00,0.00,0.00,0.00,1,6,625,1BQ,"Eastern Airlines f/k/a Dynamic Airways, LLC",D,2025,2
0.00,0.00,0.00,0.00,0.00,0.00,0.00,0.00,1,6,625,1BQ,"Eastern Airlines f/k/a Dynamic Airways, LLC",D,2025,3
0.00,0.00,0.00,0.00,0.00,0.00,0.00,0.00,1,6,625,1BQ,"Eastern Airlines f/k/a Dynamic Airways, LLC",D,2025,4
0.00,0.00,0.00,0.00,0.00,0.00,0.00,0.00,1,6,625,1BQ,"Eastern Airlines f/k/a Dynamic Airways, LLC",I,2025,1
0.00,0.00,0.00,0.00,0.00,0.00,0.00,0.00,1,6,625,1BQ,"Eastern Airlines f/k/a Dynamic Airways, LLC",I,2025,2
0.00,0.00,0.00,0.00,0.00,0.00,0.00,0.00,1,6,625,1BQ,"Eastern Airlines f/k/a Dynamic Airways, LLC",I,2025,3
0.00,0.00,0.00,0.00,0.00,0.00,0.00,0.00,1,6,625,1BQ,"Eastern Airlines f/k/a Dynamic Airways, LLC",I,2025,4
0.00,0.00,0.00,0.00,0.00,0.00,0.00,0.00,1,6,625,5Y,Atlas Air Inc.,D,2025,1
0.00,0.00,0.00,0.00,0.00,0.00,0.00,0.00,1,6,625,5Y,Atlas Air Inc.,D,2025,3
0.00,0.00,0.00,0.00,0.00,0.00,0.00,0.00,1,6,625,5Y,Atlas Air Inc.,D,2025,4
0.00,0.00,0.00,0.00,0.00,0.00,0.00,0.00,1,6,625,5Y,Atlas Air Inc.,I,2025,1
0.00,0.00,0.00,0.00,0.00,0.00,0.00,0.00,1,6,625,5Y,Atlas Air Inc.,I,2025,3
0.00,0.00,0.00,0.00,0.00,0.00,0.00,0.00,1,6,625,5Y,Atlas Air Inc.,I,2025,4
0.00,0.00,0.00,0.00,0.00,0.00,0.00,0.00,1,6,626,AA,American Airlines Inc.,A,2025,1
0.00,0.00,0.00,0.00,0.00,0.00,0.00,0.00,1,6,626,AA,American Airlines Inc.,A,2025,2
0.00,0.00,0.00,0.00,0.00,0.00,0.00,0.00,1,6,626,AA,American Airlines Inc.,A,2025,3
0.00,0.00,0.00,0.00,0.00,0.00,0.00,0.00,1,6,626,AA,American Airlines Inc.,A,2025,4
0.00,0.00,0.00,0.00,0.00,0.00,0.00,0.00,1,6,626,AA,American Airlines Inc.,D,2025,1
0.00,0.00,0.00,0.00,0.00,0.00,0.00,0.00,1,6,626,AA,American Airlines Inc.,D,2025,2
0.00,0.00,0.00,0.00,0.00,0.00,0.00,0.00,1,6,626,AA,American Airlines Inc.,D,2025,3
0.00,0.00,0.00,0.00,0.00,0.00,0.00,0.00,1,6,626,AA,American Airlines Inc.,D,2025,4
0.00,0.00,0.00,0.00,0.00,0.00,0.00,0.00,1,6,626,AA,American Airlines Inc.,L,2025,1
0.00,0.00,0.00,0.00,0.00,0.00,0.00,0.00,1,6,626,AA,American Airlines Inc.,L,2025,2
0.00,0.00,0.00,0.00,0.00,0.00,0.00,0.00,1,6,626,AA,American Airlines Inc.,L,2025,3
0.00,0.00,0.00,0.00,0.00,0.00,0.00,0.00,1,6,626,AA,American Airlines Inc.,L,2025,4
0.00,0.00,0.00,0.00,0.00,0.00,0.00,0.00,1,6,626,HA,Hawaiian Airlines Inc.,D,2025,1
0.00,0.00,0.00,0.00,0.00,0.00,0.00,0.00,1,6,626,HA,Hawaiian Airlines Inc.,D,2025,2
0.00,0.00,0.00,0.00,0.00,0.00,0.00,0.00,1,6,626,HA,Hawaiian Airlines Inc.,P,2025,1
0.00,0.00,0.00,0.00,0.00,0.00,0.00,0.00,1,6,626,HA,Hawaiian Airlines Inc.,P,2025,2
0.00,0.00,0.00,0.00,0.00,0.00,0.00,0.00,1,6,629,9E,Endeavor Air Inc.,L,2025,1
0.00,0.00,0.00,0.00,0.00,0.00,0.00,0.00,1,6,629,9E,Endeavor Air Inc.,L,2025,2
0.00,0.00,0.00,0.00,0.00,0.00,0.00,0.00,1,6,629,9E,Endeavor Air Inc.,L,2025,3
0.00,0.00,0.00,0.00,0.00,0.00,0.00,0.00,1,6,629,9E,Endeavor Air Inc.,L,2025,4
0.00,0.00,0.00,0.00,0.00,0.00,0.00,0.00,1,6,629,OH,PSA Airlines Inc.,D,2025,1
0.00,0.00,0.00,0.00,0.00,0.00,0.00,0.00,1,6,629,OH,PSA Airlines Inc.,D,2025,2
0.00,0.00,0.00,0.00,0.00,0.00,0.00,0.00,1,6,629,OH,PSA Airlines Inc.,D,2025,3
0.00,0.00,0.00,0.00,0.00,0.00,0.00,0.00,1,6,629,OH,PSA Airlines Inc.,D,2025,4
0.00,0.00,0.00,0.00,0.00,0.00,0.00,0.00,1,6,629,OH,PSA Airlines Inc.,L,2025,1
0.00,0.00,0.00,0.00,0.00,0.00,0.00,0.00,1,6,629,OH,PSA Airlines Inc.,L,2025,2
0.00,0.00,0.00,0.00,0.00,0.00,0.00,0.00,1,6,629,OH,PSA Airlines Inc.,L,2025,3
0.00,0.00,0.00,0.00,0.00,0.00,0.00,0.00,1,6,629,OH,PSA Airlines Inc.,L,2025,4
0.00,0.00,0.00,0.00,0.00,0.00,0.00,0.00,1,6,629,OO,SkyWest Airlines Inc.,L,2025,1
0.00,0.00,0.00,0.00,0.00,0.00,0.00,0.00,1,6,629,OO,SkyWest Airlines Inc.,L,2025,2
0.00,0.00,0.00,0.00,0.00,0.00,0.00,0.00,1,6,629,OO,SkyWest Airlines Inc.,L,2025,3
0.00,0.00,0.00,0.00,0.00,0.00,0.00,0.00,1,6,629,OO,SkyWest Airlines Inc.,L,2025,4
0.00,0.00,0.00,0.00,0.00,0.00,0.00,0.00,1,6,634,AS,Alaska Airlines Inc.,D,2025,4
0.00,0.00,0.00,0.00,0.00,0.00,0.00,0.00,1,6,634,AS,Alaska Airlines Inc.,L,2025,2
0.00,0.00,0.00,0.00,0.00,0.00,0.00,0.00,1,6,634,AS,Alaska Airlines Inc.,L,2025,3
0.00,0.00,0.00,0.00,0.00,0.00,0.00,0.00,1,6,634,AS,Alaska Airlines Inc.,L,2025,4
0.00,0.00,0.00,0.00,0.00,0.00,0.00,0.00,1,6,638,OO,SkyWest Airlines Inc.,L,2025,1
0.00,0.00,0.00,0.00,0.00,0.00,0.00,0.00,1,6,638,OO,SkyWest Airlines Inc.,L,2025,2
0.00,0.00,0.00,0.00,0.00,0.00,0.00,0.00,1,6,638,OO,SkyWest Airlines Inc.,L,2025,3
0.00,0.00,0.00,0.00,0.00,0.00,0.00,0.00,1,6,638,OO,SkyWest Airlines Inc.,L,2025,4
0.00,0.00,0.00,0.00,0.00,0.00,0.00,0.00,1,6,655,AA,American Airlines Inc.,D,2025,1
0.00,0.00,0.00,0.00,0.00,0.00,0.00,0.00,1,6,655,AA,American Airlines Inc.,D,2025,2
0.00,0.00,0.00,0.00,0.00,0.00,0.00,0.00,1,6,655,AA,American Airlines Inc.,D,2025,3
0.00,0.00,0.00,0.00,0.00,0.00,0.00,0.00,1,6,655,AA,American Airlines Inc.,D,2025,4
0.00,0.00,0.00,0.00,0.00,0.00,0.00,0.00,1,6,655,AA,American Airlines Inc.,L,2025,1
0.00,0.00,0.00,0.00,0.00,0.00,0.00,0.00,1,6,655,AA,American Airlines Inc.,L,2025,2
0.00,0.00,0.00,0.00,0.00,0.00,0.00,0.00,1,6,655,AA,American Airlines Inc.,L,2025,3
0.00,0.00,0.00,0.00,0.00,0.00,0.00,0.00,1,6,655,AA,American Airlines Inc.,L,2025,4
0.00,0.00,0.00,0.00,0.00,0.00,0.00,0.00,1,6,655,DL,Delta Air Lines Inc.,A,2025,1
0.00,0.00,0.00,0.00,0.00,0.00,0.00,0.00,1,6,655,DL,Delta Air Lines Inc.,A,2025,2
0.00,0.00,0.00,0.00,0.00,0.00,0.00,0.00,1,6,655,DL,Delta Air Lines Inc.,A,2025,3
0.00,0.00,0.00,0.00,0.00,0.00,0.00,0.00,1,6,655,DL,Delta Air Lines Inc.,A,2025,4
0.00,0.00,0.00,0.00,0.00,0.00,0.00,0.00,1,6,655,DL,Delta Air Lines Inc.,D,2025,1
0.00,0.00,0.00,0.00,0.00,0.00,0.00,0.00,1,6,655,DL,Delta Air Lines Inc.,D,2025,2
0.00,0.00,0.00,0.00,0.00,0.00,0.00,0.00,1,6,655,DL,Delta Air Lines Inc.,D,2025,3
0.00,0.00,0.00,0.00,0.00,0.00,0.00,0.00,1,6,655,DL,Delta Air Lines Inc.,D,2025,4
0.00,0.00,0.00,0.00,0.00,0.00,0.00,0.00,1,6,655,DL,Delta Air Lines Inc.,L,2025,1
0.00,0.00,0.00,0.00,0.00,0.00,0.00,0.00,1,6,655,DL,Delta Air Lines Inc.,L,2025,2
0.00,0.00,0.00,0.00,0.00,0.00,0.00,0.00,1,6,655,DL,Delta Air Lines Inc.,L,2025,3
0.00,0.00,0.00,0.00,0.00,0.00,0.00,0.00,1,6,655,DL,Delta Air Lines Inc.,L,2025,4
0.00,0.00,0.00,0.00,0.00,0.00,0.00,0.00,1,6,655,DL,Delta Air Lines Inc.,P,2025,1
0.00,0.00,0.00,0.00,0.00,0.00,0.00,0.00,1,6,655,DL,Delta Air Lines Inc.,P,2025,2
0.00,0.00,0.00,0.00,0.00,0.00,0.00,0.00,1,6,655,DL,Delta Air Lines Inc.,P,2025,3
0.00,0.00,0.00,0.00,0.00,0.00,0.00,0.00,1,6,655,DL,Delta Air Lines Inc.,P,2025,4
0.00,0.00,0.00,0.00,0.00,0.00,0.00,0.00,1,6,655,G4,Allegiant Air,D,2025,1
0.00,0.00,0.00,0.00,0.00,0.00,0.00,0.00,1,6,655,G4,Allegiant Air,D,2025,2
0.00,0.00,0.00,0.00,0.00,0.00,0.00,0.00,1,6,655,G4,Allegiant Air,D,2025,3
0.00,0.00,0.00,0.00,0.00,0.00,0.00,0.00,1,6,655,G4,Allegiant Air,D,2025,4
0.00,0.00,0.00,0.00,0.00,0.00,0.00,0.00,1,6,656,DL,Delta Air Lines Inc.,A,2025,1
0.00,0.00,0.00,0.00,0.00,0.00,0.00,0.00,1,6,656,DL,Delta Air Lines Inc.,A,2025,2
0.00,0.00,0.00,0.00,0.00,0.00,0.00,0.00,1,6,656,DL,Delta Air Lines Inc.,A,2025,3
0.00,0.00,0.00,0.00,0.00,0.00,0.00,0.00,1,6,656,DL,Delta Air Lines Inc.,A,2025,4
0.00,0.00,0.00,0.00,0.00,0.00,0.00,0.00,1,6,656,DL,Delta Air Lines Inc.,D,2025,1
0.00,0.00,0.00,0.00,0.00,0.00,0.00,0.00,1,6,656,DL,Delta Air Lines Inc.,D,2025,2
0.00,0.00,0.00,0.00,0.00,0.00,0.00,0.00,1,6,656,DL,Delta Air Lines Inc.,D,2025,3
0.00,0.00,0.00,0.00,0.00,0.00,0.00,0.00,1,6,656,DL,Delta Air Lines Inc.,D,2025,4
0.00,0.00,0.00,0.00,0.00,0.00,0.00,0.00,1,6,656,DL,Delta Air Lines Inc.,L,2025,1
0.00,0.00,0.00,0.00,0.00,0.00,0.00,0.00,1,6,656,DL,Delta Air Lines Inc.,L,2025,2
0.00,0.00,0.00,0.00,0.00,0.00,0.00,0.00,1,6,656,DL,Delta Air Lines Inc.,L,2025,3
0.00,0.00,0.00,0.00,0.00,0.00,0.00,0.00,1,6,656,DL,Delta Air Lines Inc.,L,2025,4
0.00,0.00,0.00,0.00,0.00,0.00,0.00,0.00,1,6,656,DL,Delta Air Lines Inc.,P,2025,1
0.00,0.00,0.00,0.00,0.00,0.00,0.00,0.00,1,6,656,DL,Delta Air Lines Inc.,P,2025,2
0.00,0.00,0.00,0.00,0.00,0.00,0.00,0.00,1,6,656,DL,Delta Air Lines Inc.,P,2025,3
0.00,0.00,0.00,0.00,0.00,0.00,0.00,0.00,1,6,656,DL,Delta Air Lines Inc.,P,2025,4
0.00,0.00,0.00,0.00,0.00,0.00,0.00,0.00,1,6,673,QX,Horizon Air,L,2025,1
0.00,0.00,0.00,0.00,0.00,0.00,0.00,0.00,1,6,673,QX,Horizon Air,L,2025,2
0.00,0.00,0.00,0.00,0.00,0.00,0.00,0.00,1,6,673,QX,Horizon Air,L,2025,3
0.00,0.00,0.00,0.00,0.00,0.00,0.00,0.00,1,6,673,QX,Horizon Air,L,2025,4
0.00,0.00,0.00,0.00,0.00,0.00,0.00,0.00,1,6,673,YX,Republic Airline,L,2025,1
0.00,0.00,0.00,0.00,0.00,0.00,0.00,0.00,1,6,675,MQ,Envoy Air,D,2025,1
0.00,0.00,0.00,0.00,0.00,0.00,0.00,0.00,1,6,675,MQ,Envoy Air,D,2025,2
0.00,0.00,0.00,0.00,0.00,0.00,0.00,0.00,1,6,675,MQ,Envoy Air,D,2025,3
0.00,0.00,0.00,0.00,0.00,0.00,0.00,0.00,1,6,675,MQ,Envoy Air,D,2025,4
0.00,0.00,0.00,0.00,0.00,0.00,0.00,0.00,1,6,675,MQ,Envoy Air,L,2025,1
0.00,0.00,0.00,0.00,0.00,0.00,0.00,0.00,1,6,675,MQ,Envoy Air,L,2025,2
0.00,0.00,0.00,0.00,0.00,0.00,0.00,0.00,1,6,675,MQ,Envoy Air,L,2025,3
0.00,0.00,0.00,0.00,0.00,0.00,0.00,0.00,1,6,675,MQ,Envoy Air,L,2025,4
0.00,0.00,0.00,0.00,0.00,0.00,0.00,0.00,1,6,676,MQ,Envoy Air,D,2025,1
0.00,0.00,0.00,0.00,0.00,0.00,0.00,0.00,1,6,676,MQ,Envoy Air,D,2025,2
0.00,0.00,0.00,0.00,0.00,0.00,0.00,0.00,1,6,676,MQ,Envoy Air,D,2025,3
0.00,0.00,0.00,0.00,0.00,0.00,0.00,0.00,1,6,676,MQ,Envoy Air,D,2025,4
0.00,0.00,0.00,0.00,0.00,0.00,0.00,0.00,1,6,676,MQ,Envoy Air,L,2025,1
0.00,0.00,0.00,0.00,0.00,0.00,0.00,0.00,1,6,676,MQ,Envoy Air,L,2025,2
0.00,0.00,0.00,0.00,0.00,0.00,0.00,0.00,1,6,676,MQ,Envoy Air,L,2025,3
0.00,0.00,0.00,0.00,0.00,0.00,0.00,0.00,1,6,676,MQ,Envoy Air,L,2025,4
0.00,0.00,0.00,0.00,0.00,0.00,0.00,0.00,1,6,677,YV,Mesa Airlines Inc.,D,2025,4
0.00,0.00,0.00,0.00,0.00,0.00,0.00,0.00,1,6,677,YV,Mesa Airlines Inc.,L,2025,4
0.00,0.00,0.00,0.00,0.00,0.00,0.00,0.00,1,6,677,YX,Republic Airline,L,2025,1
0.00,0.00,0.00,0.00,0.00,0.00,0.00,0.00,1,6,677,YX,Republic Airline,L,2025,2
0.00,0.00,0.00,0.00,0.00,0.00,0.00,0.00,1,6,677,YX,Republic Airline,L,2025,3
0.00,0.00,0.00,0.00,0.00,0.00,0.00,0.00,1,6,677,YX,Republic Airline,L,2025,4
0.00,0.00,0.00,0.00,0.00,0.00,0.00,0.00,1,6,678,AA,American Airlines Inc.,D,2025,1
0.00,0.00,0.00,0.00,0.00,0.00,0.00,0.00,1,6,678,AA,American Airlines Inc.,D,2025,2
0.00,0.00,0.00,0.00,0.00,0.00,0.00,0.00,1,6,678,AA,American Airlines Inc.,D,2025,3
0.00,0.00,0.00,0.00,0.00,0.00,0.00,0.00,1,6,678,AA,American Airlines Inc.,D,2025,4
0.00,0.00,0.00,0.00,0.00,0.00,0.00,0.00,1,6,678,AA,American Airlines Inc.,L,2025,1
0.00,0.00,0.00,0.00,0.00,0.00,0.00,0.00,1,6,678,AA,American Airlines Inc.,L,2025,2
0.00,0.00,0.00,0.00,0.00,0.00,0.00,0.00,1,6,678,AA,American Airlines Inc.,L,2025,3
0.00,0.00,0.00,0.00,0.00,0.00,0.00,0.00,1,6,678,AA,American Airlines Inc.,L,2025,4
0.00,0.00,0.00,0.00,0.00,0.00,0.00,0.00,1,6,678,B6,JetBlue Airways,A,2025,1
0.00,0.00,0.00,0.00,0.00,0.00,0.00,0.00,1,6,678,B6,JetBlue Airways,A,2025,2
0.00,0.00,0.00,0.00,0.00,0.00,0.00,0.00,1,6,678,B6,JetBlue Airways,A,2025,3
0.00,0.00,0.00,0.00,0.00,0.00,0.00,0.00,1,6,678,B6,JetBlue Airways,A,2025,4
0.00,0.00,0.00,0.00,0.00,0.00,0.00,0.00,1,6,678,B6,JetBlue Airways,L,2025,3
0.00,0.00,0.00,0.00,0.00,0.00,0.00,0.00,1,6,678,B6,JetBlue Airways,L,2025,4
0.00,0.00,0.00,0.00,0.00,0.00,0.00,0.00,1,6,687,AA,American Airlines Inc.,A,2025,1
0.00,0.00,0.00,0.00,0.00,0.00,0.00,0.00,1,6,687,AA,American Airlines Inc.,A,2025,2
0.00,0.00,0.00,0.00,0.00,0.00,0.00,0.00,1,6,687,AA,American Airlines Inc.,A,2025,3
0.00,0.00,0.00,0.00,0.00,0.00,0.00,0.00,1,6,687,AA,American Airlines Inc.,A,2025,4
0.00,0.00,0.00,0.00,0.00,0.00,0.00,0.00,1,6,687,AA,American Airlines Inc.,D,2025,1
0.00,0.00,0.00,0.00,0.00,0.00,0.00,0.00,1,6,687,AA,American Airlines Inc.,D,2025,2
0.00,0.00,0.00,0.00,0.00,0.00,0.00,0.00,1,6,687,AA,American Airlines Inc.,D,2025,3
0.00,0.00,0.00,0.00,0.00,0.00,0.00,0.00,1,6,687,AA,American Airlines Inc.,D,2025,4
0.00,0.00,0.00,0.00,0.00,0.00,0.00,0.00,1,6,687,AA,American Airlines Inc.,L,2025,1
0.00,0.00,0.00,0.00,0.00,0.00,0.00,0.00,1,6,687,AA,American Airlines Inc.,L,2025,2
0.00,0.00,0.00,0.00,0.00,0.00,0.00,0.00,1,6,687,AA,American Airlines Inc.,L,2025,3
0.00,0.00,0.00,0.00,0.00,0.00,0.00,0.00,1,6,687,AA,American Airlines Inc.,L,2025,4
0.00,0.00,0.00,0.00,0.00,0.00,0.00,0.00,1,6,694,B6,JetBlue Airways,A,2025,1
0.00,0.00,0.00,0.00,0.00,0.00,0.00,0.00,1,6,694,B6,JetBlue Airways,A,2025,2
0.00,0.00,0.00,0.00,0.00,0.00,0.00,0.00,1,6,694,B6,JetBlue Airways,A,2025,3
0.00,0.00,0.00,0.00,0.00,0.00,0.00,0.00,1,6,694,B6,JetBlue Airways,A,2025,4
0.00,0.00,0.00,0.00,0.00,0.00,0.00,0.00,1,6,694,DL,Delta Air Lines Inc.,A,2025,1
0.00,0.00,0.00,0.00,0.00,0.00,0.00,0.00,1,6,694,DL,Delta Air Lines Inc.,A,2025,2
0.00,0.00,0.00,0.00,0.00,0.00,0.00,0.00,1,6,694,DL,Delta Air Lines Inc.,A,2025,3
0.00,0.00,0.00,0.00,0.00,0.00,0.00,0.00,1,6,694,DL,Delta Air Lines Inc.,A,2025,4
0.00,0.00,0.00,0.00,0.00,0.00,0.00,0.00,1,6,694,DL,Delta Air Lines Inc.,P,2025,1
0.00,0.00,0.00,0.00,0.00,0.00,0.00,0.00,1,6,694,DL,Delta Air Lines Inc.,P,2025,2
0.00,0.00,0.00,0.00,0.00,0.00,0.00,0.00,1,6,694,DL,Delta Air Lines Inc.,P,2025,3
0.00,0.00,0.00,0.00,0.00,0.00,0.00,0.00,1,6,694,DL,Delta Air Lines Inc.,P,2025,4
0.00,0.00,0.00,0.00,0.00,0.00,0.00,0.00,1,6,696,AA,American Airlines Inc.,A,2025,1
0.00,0.00,0.00,0.00,0.00,0.00,0.00,0.00,1,6,696,AA,American Airlines Inc.,A,2025,2
0.00,0.00,0.00,0.00,0.00,0.00,0.00,0.00,1,6,696,AA,American Airlines Inc.,A,2025,3
0.00,0.00,0.00,0.00,0.00,0.00,0.00,0.00,1,6,696,AA,American Airlines Inc.,A,2025,4
0.00,0.00,0.00,0.00,0.00,0.00,0.00,0.00,1,6,696,AA,American Airlines Inc.,D,2025,1
0.00,0.00,0.00,0.00,0.00,0.00,0.00,0.00,1,6,696,AA,American Airlines Inc.,D,2025,2
0.00,0.00,0.00,0.00,0.00,0.00,0.00,0.00,1,6,696,AA,American Airlines Inc.,D,2025,3
0.00,0.00,0.00,0.00,0.00,0.00,0.00,0.00,1,6,696,AA,American Airlines Inc.,D,2025,4
0.00,0.00,0.00,0.00,0.00,0.00,0.00,0.00,1,6,696,AA,American Airlines Inc.,L,2025,1
0.00,0.00,0.00,0.00,0.00,0.00,0.00,0.00,1,6,696,AA,American Airlines Inc.,L,2025,2
0.00,0.00,0.00,0.00,0.00,0.00,0.00,0.00,1,6,696,AA,American Airlines Inc.,L,2025,3
0.00,0.00,0.00,0.00,0.00,0.00,0.00,0.00,1,6,696,AA,American Airlines Inc.,L,2025,4
0.00,0.00,0.00,0.00,0.00,0.00,0.00,0.00,1,6,696,DL,Delta Air Lines Inc.,P,2025,3
0.00,0.00,0.00,0.00,0.00,0.00,0.00,0.00,1,6,698,AA,American Airlines Inc.,A,2025,1
0.00,0.00,0.00,0.00,0.00,0.00,0.00,0.00,1,6,698,AA,American Airlines Inc.,A,2025,2
0.00,0.00,0.00,0.00,0.00,0.00,0.00,0.00,1,6,698,AA,American Airlines Inc.,A,2025,3
0.00,0.00,0.00,0.00,0.00,0.00,0.00,0.00,1,6,698,AA,American Airlines Inc.,A,2025,4
0.00,0.00,0.00,0.00,0.00,0.00,0.00,0.00,1,6,698,DL,Delta Air Lines Inc.,A,2025,1
0.00,0.00,0.00,0.00,0.00,0.00,0.00,0.00,1,6,698,DL,Delta Air Lines Inc.,A,2025,2
0.00,0.00,0.00,0.00,0.00,0.00,0.00,0.00,1,6,698,DL,Delta Air Lines Inc.,A,2025,3
0.00,0.00,0.00,0.00,0.00,0.00,0.00,0.00,1,6,698,DL,Delta Air Lines Inc.,A,2025,4
0.00,0.00,0.00,0.00,0.00,0.00,0.00,0.00,1,6,698,DL,Delta Air Lines Inc.,P,2025,1
0.00,0.00,0.00,0.00,0.00,0.00,0.00,0.00,1,6,698,DL,Delta Air Lines Inc.,P,2025,2
0.00,0.00,0.00,0.00,0.00,0.00,0.00,0.00,1,6,698,DL,Delta Air Lines Inc.,P,2025,3
0.00,0.00,0.00,0.00,0.00,0.00,0.00,0.00,1,6,698,DL,Delta Air Lines Inc.,P,2025,4
0.00,0.00,0.00,0.00,0.00,0.00,0.00,0.00,1,6,698,F9,Frontier Airlines Inc.,D,2025,1
0.00,0.00,0.00,0.00,0.00,0.00,0.00,0.00,1,6,698,F9,Frontier Airlines Inc.,D,2025,2
0.00,0.00,0.00,0.00,0.00,0.00,0.00,0.00,1,6,698,F9,Frontier Airlines Inc.,D,2025,3
0.00,0.00,0.00,0.00,0.00,0.00,0.00,0.00,1,6,698,F9,Frontier Airlines Inc.,D,2025,4
0.00,0.00,0.00,0.00,0.00,0.00,0.00,0.00,1,6,698,F9,Frontier Airlines Inc.,L,2025,1
0.00,0.00,0.00,0.00,0.00,0.00,0.00,0.00,1,6,698,F9,Frontier Airlines Inc.,L,2025,2
0.00,0.00,0.00,0.00,0.00,0.00,0.00,0.00,1,6,698,F9,Frontier Airlines Inc.,L,2025,3
0.00,0.00,0.00,0.00,0.00,0.00,0.00,0.00,1,6,698,F9,Frontier Airlines Inc.,L,2025,4
0.00,0.00,0.00,0.00,0.00,0.00,0.00,0.00,1,6,698,GCA,"Global Crossing Airlines, Inc.",D,2025,3
0.00,0.00,0.00,0.00,0.00,0.00,0.00,0.00,1,6,698,GCA,"Global Crossing Airlines, Inc.",D,2025,4
0.00,0.00,0.00,0.00,0.00,0.00,0.00,0.00,1,6,698,NK,Spirit Air Lines,D,2025,2
0.00,0.00,0.00,0.00,0.00,0.00,0.00,0.00,1,6,698,NK,Spirit Air Lines,D,2025,3
0.00,0.00,0.00,0.00,0.00,0.00,0.00,0.00,1,6,698,NK,Spirit Air Lines,D,2025,4
0.00,0.00,0.00,0.00,0.00,0.00,0.00,0.00,1,6,698,NK,Spirit Air Lines,L,2025,2
0.00,0.00,0.00,0.00,0.00,0.00,0.00,0.00,1,6,698,NK,Spirit Air Lines,L,2025,3
0.00,0.00,0.00,0.00,0.00,0.00,0.00,0.00,1,6,698,NK,Spirit Air Lines,L,2025,4
0.00,0.00,0.00,0.00,0.00,0.00,0.00,0.00,1,6,699,B6,JetBlue Airways,A,2025,1
0.00,0.00,0.00,0.00,0.00,0.00,0.00,0.00,1,6,699,B6,JetBlue Airways,A,2025,2
0.00,0.00,0.00,0.00,0.00,0.00,0.00,0.00,1,6,699,B6,JetBlue Airways,A,2025,3
0.00,0.00,0.00,0.00,0.00,0.00,0.00,0.00,1,6,699,B6,JetBlue Airways,A,2025,4
0.00,0.00,0.00,0.00,0.00,0.00,0.00,0.00,1,6,699,DL,Delta Air Lines Inc.,A,2025,1
0.00,0.00,0.00,0.00,0.00,0.00,0.00,0.00,1,6,699,DL,Delta Air Lines Inc.,A,2025,2
0.00,0.00,0.00,0.00,0.00,0.00,0.00,0.00,1,6,699,DL,Delta Air Lines Inc.,A,2025,3
0.00,0.00,0.00,0.00,0.00,0.00,0.00,0.00,1,6,699,DL,Delta Air Lines Inc.,A,2025,4
0.00,0.00,0.00,0.00,0.00,0.00,0.00,0.00,1,6,699,DL,Delta Air Lines Inc.,P,2025,1
0.00,0.00,0.00,0.00,0.00,0.00,0.00,0.00,1,6,699,DL,Delta Air Lines Inc.,P,2025,2
0.00,0.00,0.00,0.00,0.00,0.00,0.00,0.00,1,6,699,DL,Delta Air Lines Inc.,P,2025,3
0.00,0.00,0.00,0.00,0.00,0.00,0.00,0.00,1,6,699,DL,Delta Air Lines Inc.,P,2025,4
0.00,0.00,0.00,0.00,0.00,0.00,0.00,0.00,1,6,721,AA,American Airlines Inc.,A,2025,1
0.00,0.00,0.00,0.00,0.00,0.00,0.00,0.00,1,6,721,AA,American Airlines Inc.,A,2025,2
0.00,0.00,0.00,0.00,0.00,0.00,0.00,0.00,1,6,721,AA,American Airlines Inc.,A,2025,3
0.00,0.00,0.00,0.00,0.00,0.00,0.00,0.00,1,6,721,AA,American Airlines Inc.,A,2025,4
0.00,0.00,0.00,0.00,0.00,0.00,0.00,0.00,1,6,721,DL,Delta Air Lines Inc.,A,2025,1
0.00,0.00,0.00,0.00,0.00,0.00,0.00,0.00,1,6,721,DL,Delta Air Lines Inc.,A,2025,2
0.00,0.00,0.00,0.00,0.00,0.00,0.00,0.00,1,6,721,DL,Delta Air Lines Inc.,A,2025,3
0.00,0.00,0.00,0.00,0.00,0.00,0.00,0.00,1,6,721,DL,Delta Air Lines Inc.,A,2025,4
0.00,0.00,0.00,0.00,0.00,0.00,0.00,0.00,1,6,721,DL,Delta Air Lines Inc.,P,2025,1
0.00,0.00,0.00,0.00,0.00,0.00,0.00,0.00,1,6,721,DL,Delta Air Lines Inc.,P,2025,2
0.00,0.00,0.00,0.00,0.00,0.00,0.00,0.00,1,6,721,DL,Delta Air Lines Inc.,P,2025,3
0.00,0.00,0.00,0.00,0.00,0.00,0.00,0.00,1,6,721,DL,Delta Air Lines Inc.,P,2025,4
0.00,0.00,0.00,0.00,0.00,0.00,0.00,0.00,1,6,723,DL,Delta Air Lines Inc.,A,2025,1
0.00,0.00,0.00,0.00,0.00,0.00,0.00,0.00,1,6,723,DL,Delta Air Lines Inc.,A,2025,2
0.00,0.00,0.00,0.00,0.00,0.00,0.00,0.00,1,6,723,DL,Delta Air Lines Inc.,A,2025,3
0.00,0.00,0.00,0.00,0.00,0.00,0.00,0.00,1,6,723,DL,Delta Air Lines Inc.,A,2025,4
0.00,0.00,0.00,0.00,0.00,0.00,0.00,0.00,1,6,723,DL,Delta Air Lines Inc.,L,2025,3
0.00,0.00,0.00,0.00,0.00,0.00,0.00,0.00,1,6,723,DL,Delta Air Lines Inc.,P,2025,1
0.00,0.00,0.00,0.00,0.00,0.00,0.00,0.00,1,6,723,DL,Delta Air Lines Inc.,P,2025,2
0.00,0.00,0.00,0.00,0.00,0.00,0.00,0.00,1,6,723,DL,Delta Air Lines Inc.,P,2025,3
0.00,0.00,0.00,0.00,0.00,0.00,0.00,0.00,1,6,723,DL,Delta Air Lines Inc.,P,2025,4
0.00,0.00,0.00,0.00,0.00,0.00,0.00,0.00,1,6,724,B6,JetBlue Airways,A,2025,1
0.00,0.00,0.00,0.00,0.00,0.00,0.00,0.00,1,6,724,B6,JetBlue Airways,A,2025,2
0.00,0.00,0.00,0.00,0.00,0.00,0.00,0.00,1,6,724,B6,JetBlue Airways,A,2025,3
0.00,0.00,0.00,0.00,0.00,0.00,0.00,0.00,1,6,724,B6,JetBlue Airways,A,2025,4
0.00,0.00,0.00,0.00,0.00,0.00,0.00,0.00,1,6,724,DL,Delta Air Lines Inc.,A,2025,1
0.00,0.00,0.00,0.00,0.00,0.00,0.00,0.00,1,6,724,DL,Delta Air Lines Inc.,A,2025,2
0.00,0.00,0.00,0.00,0.00,0.00,0.00,0.00,1,6,724,DL,Delta Air Lines Inc.,A,2025,3
0.00,0.00,0.00,0.00,0.00,0.00,0.00,0.00,1,6,724,DL,Delta Air Lines Inc.,A,2025,4
0.00,0.00,0.00,0.00,0.00,0.00,0.00,0.00,1,6,724,DL,Delta Air Lines Inc.,L,2025,1
0.00,0.00,0.00,0.00,0.00,0.00,0.00,0.00,1,6,724,DL,Delta Air Lines Inc.,L,2025,2
0.00,0.00,0.00,0.00,0.00,0.00,0.00,0.00,1,6,724,DL,Delta Air Lines Inc.,L,2025,3
0.00,0.00,0.00,0.00,0.00,0.00,0.00,0.00,1,6,724,DL,Delta Air Lines Inc.,L,2025,4
0.00,0.00,0.00,0.00,0.00,0.00,0.00,0.00,1,6,724,DL,Delta Air Lines Inc.,P,2025,1
0.00,0.00,0.00,0.00,0.00,0.00,0.00,0.00,1,6,724,DL,Delta Air Lines Inc.,P,2025,2
0.00,0.00,0.00,0.00,0.00,0.00,0.00,0.00,1,6,724,DL,Delta Air Lines Inc.,P,2025,3
0.00,0.00,0.00,0.00,0.00,0.00,0.00,0.00,1,6,724,DL,Delta Air Lines Inc.,P,2025,4
0.00,0.00,0.00,0.00,0.00,0.00,0.00,0.00,1,6,748,MX,Breeze Aviation Group DBA  Breeze,D,2025,3
0.00,0.00,0.00,0.00,0.00,0.00,0.00,0.00,1,6,748,MX,Breeze Aviation Group DBA  Breeze,D,2025,4
0.00,0.00,0.00,0.00,0.00,0.00,0.00,0.00,1,6,837,HA,Hawaiian Airlines Inc.,P,2025,1
0.00,0.00,0.00,0.00,0.00,0.00,0.00,0.00,1,6,837,HA,Hawaiian Airlines Inc.,P,2025,2
0.00,0.00,0.00,0.00,0.00,0.00,0.00,0.00,1,6,837,HA,Hawaiian Airlines Inc.,P,2025,3
0.00,0.00,0.00,0.00,0.00,0.00,0.00,0.00,1,6,838,AA,American Airlines Inc.,P,2025,1
0.00,0.00,0.00,0.00,0.00,0.00,0.00,0.00,1,6,838,AA,American Airlines Inc.,P,2025,2
0.00,0.00,0.00,0.00,0.00,0.00,0.00,0.00,1,6,838,AA,American Airlines Inc.,P,2025,3
0.00,0.00,0.00,0.00,0.00,0.00,0.00,0.00,1,6,838,AA,American Airlines Inc.,P,2025,4
0.00,0.00,0.00,0.00,0.00,0.00,0.00,0.00,1,6,888,DL,Delta Air Lines Inc.,A,2025,1
0.00,0.00,0.00,0.00,0.00,0.00,0.00,0.00,1,6,888,DL,Delta Air Lines Inc.,A,2025,2
0.00,0.00,0.00,0.00,0.00,0.00,0.00,0.00,1,6,888,DL,Delta Air Lines Inc.,A,2025,3
0.00,0.00,0.00,0.00,0.00,0.00,0.00,0.00,1,6,888,DL,Delta Air Lines Inc.,A,2025,4
0.00,0.00,0.00,0.00,0.00,0.00,0.00,0.00,1,6,888,DL,Delta Air Lines Inc.,P,2025,1
0.00,0.00,0.00,0.00,0.00,0.00,0.00,0.00,1,6,888,DL,Delta Air Lines Inc.,P,2025,2
0.00,0.00,0.00,0.00,0.00,0.00,0.00,0.00,1,6,888,DL,Delta Air Lines Inc.,P,2025,3
0.00,0.00,0.00,0.00,0.00,0.00,0.00,0.00,1,6,888,DL,Delta Air Lines Inc.,P,2025,4
0.00,0.00,0.00,0.00,0.00,0.00,0.00,0.00,1,7,732,X9,Omni Air International LLC,D,2025,1
0.00,0.00,0.00,0.00,0.00,0.00,0.00,0.00,1,7,732,X9,Omni Air International LLC,D,2025,2
0.00,0.00,0.00,0.00,0.00,0.00,0.00,0.00,1,7,732,X9,Omni Air International LLC,D,2025,3
0.00,0.00,0.00,0.00,0.00,0.00,0.00,0.00,1,7,732,X9,Omni Air International LLC,D,2025,4
0.00,0.00,0.00,0.00,0.00,0.00,0.00,0.00,1,7,732,X9,Omni Air International LLC,I,2025,1
0.00,0.00,0.00,0.00,0.00,0.00,0.00,0.00,1,7,732,X9,Omni Air International LLC,I,2025,2
0.00,0.00,0.00,0.00,0.00,0.00,0.00,0.00,1,7,732,X9,Omni Air International LLC,I,2025,3
0.00,0.00,0.00,0.00,0.00,0.00,0.00,0.00,1,7,732,X9,Omni Air International LLC,I,2025,4
0.00,0.00,0.00,0.00,0.00,0.00,0.00,0.00,1,8,819,DL,Delta Air Lines Inc.,A,2025,1
0.00,0.00,0.00,0.00,0.00,0.00,0.00,0.00,1,8,819,DL,Delta Air Lines Inc.,A,2025,2
0.00,0.00,0.00,0.00,0.00,0.00,0.00,0.00,1,8,819,DL,Delta Air Lines Inc.,A,2025,3
0.00,0.00,0.00,0.00,0.00,0.00,0.00,0.00,1,8,819,DL,Delta Air Lines Inc.,A,2025,4
0.00,0.00,0.00,0.00,0.00,0.00,0.00,0.00,1,8,819,DL,Delta Air Lines Inc.,D,2025,1
0.00,0.00,0.00,0.00,0.00,0.00,0.00,0.00,1,8,819,DL,Delta Air Lines Inc.,D,2025,2
0.00,0.00,0.00,0.00,0.00,0.00,0.00,0.00,1,8,819,DL,Delta Air Lines Inc.,D,2025,3
0.00,0.00,0.00,0.00,0.00,0.00,0.00,0.00,1,8,819,DL,Delta Air Lines Inc.,D,2025,4
0.00,0.00,0.00,0.00,0.00,0.00,0.00,0.00,1,8,819,DL,Delta Air Lines Inc.,L,2025,1
0.00,0.00,0.00,0.00,0.00,0.00,0.00,0.00,1,8,819,DL,Delta Air Lines Inc.,L,2025,2
0.00,0.00,0.00,0.00,0.00,0.00,0.00,0.00,1,8,819,DL,Delta Air Lines Inc.,L,2025,3
0.00,0.00,0.00,0.00,0.00,0.00,0.00,0.00,1,8,819,DL,Delta Air Lines Inc.,L,2025,4
0.00,0.00,0.00,0.00,0.00,0.00,0.00,0.00,1,8,819,DL,Delta Air Lines Inc.,P,2025,1
0.00,0.00,0.00,0.00,0.00,0.00,0.00,0.00,1,8,819,DL,Delta Air Lines Inc.,P,2025,2
0.00,0.00,0.00,0.00,0.00,0.00,0.00,0.00,1,8,819,DL,Delta Air Lines Inc.,P,2025,3
0.00,0.00,0.00,0.00,0.00,0.00,0.00,0.00,1,8,819,DL,Delta Air Lines Inc.,P,2025,4
0.00,0.00,0.00,0.00,0.00,0.00,0.00,0.00,2,6,339,HA,Hawaiian Airlines Inc.,P,2025,3
0.00,0.00,0.00,0.00,0.00,0.00,0.00,0.00,2,6,339,HA,Hawaiian Airlines Inc.,P,2025,4
0.00,0.00,0.00,0.00,0.00,0.00,0.00,0.00,2,6,614,SY,Sun Country Airlines d/b/a MN Airlines,L,2025,1
0.00,0.00,0.00,0.00,0.00,0.00,0.00,0.00,2,6,614,SY,Sun Country Airlines d/b/a MN Airlines,L,2025,2
0.00,0.00,0.00,0.00,0.00,0.00,0.00,0.00,2,6,614,SY,Sun Country Airlines d/b/a MN Airlines,L,2025,3
0.00,0.00,0.00,0.00,0.00,0.00,0.00,0.00,2,6,619,NC,Northern Air Cargo Inc.,D,2025,1
0.00,0.00,0.00,0.00,0.00,0.00,0.00,0.00,2,6,622,5X,United Parcel Service,P,2025,1
0.00,0.00,0.00,0.00,0.00,0.00,0.00,0.00,2,6,622,5X,United Parcel Service,P,2025,2
0.00,0.00,0.00,0.00,0.00,0.00,0.00,0.00,2,6,622,5X,United Parcel Service,P,2025,3
0.00,0.00,0.00,0.00,0.00,0.00,0.00,0.00,2,6,622,5X,United Parcel Service,P,2025,4
0.00,0.00,0.00,0.00,0.00,0.00,0.00,0.00,2,6,622,8C,Air Transport International,A,2025,1
0.00,0.00,0.00,0.00,0.00,0.00,0.00,0.00,2,6,622,8C,Air Transport International,A,2025,2
0.00,0.00,0.00,0.00,0.00,0.00,0.00,0.00,2,6,622,8C,Air Transport International,A,2025,3
0.00,0.00,0.00,0.00,0.00,0.00,0.00,0.00,2,6,622,8C,Air Transport International,A,2025,4
0.00,0.00,0.00,0.00,0.00,0.00,0.00,0.00,2,6,622,8C,Air Transport International,D,2025,1
0.00,0.00,0.00,0.00,0.00,0.00,0.00,0.00,2,6,622,8C,Air Transport International,D,2025,2
0.00,0.00,0.00,0.00,0.00,0.00,0.00,0.00,2,6,622,8C,Air Transport International,D,2025,3
0.00,0.00,0.00,0.00,0.00,0.00,0.00,0.00,2,6,622,8C,Air Transport International,D,2025,4
0.00,0.00,0.00,0.00,0.00,0.00,0.00,0.00,2,6,622,FX,Federal Express Corporation,A,2025,2
0.00,0.00,0.00,0.00,0.00,0.00,0.00,0.00,2,6,622,FX,Federal Express Corporation,A,2025,3
0.00,0.00,0.00,0.00,0.00,0.00,0.00,0.00,2,6,622,FX,Federal Express Corporation,A,2025,4
0.00,0.00,0.00,0.00,0.00,0.00,0.00,0.00,2,6,622,FX,Federal Express Corporation,P,2025,1
0.00,0.00,0.00,0.00,0.00,0.00,0.00,0.00,2,6,622,FX,Federal Express Corporation,P,2025,2
0.00,0.00,0.00,0.00,0.00,0.00,0.00,0.00,2,6,622,FX,Federal Express Corporation,P,2025,3
0.00,0.00,0.00,0.00,0.00,0.00,0.00,0.00,2,6,622,FX,Federal Express Corporation,P,2025,4
0.00,0.00,0.00,0.00,0.00,0.00,0.00,0.00,2,6,625,5Y,Atlas Air Inc.,D,2025,1
0.00,0.00,0.00,0.00,0.00,0.00,0.00,0.00,2,6,625,5Y,Atlas Air Inc.,D,2025,3
0.00,0.00,0.00,0.00,0.00,0.00,0.00,0.00,2,6,625,5Y,Atlas Air Inc.,D,2025,4
0.00,0.00,0.00,0.00,0.00,0.00,0.00,0.00,2,6,625,8C,Air Transport International,A,2025,1
0.00,0.00,0.00,0.00,0.00,0.00,0.00,0.00,2,6,625,8C,Air Transport International,A,2025,2
0.00,0.00,0.00,0.00,0.00,0.00,0.00,0.00,2,6,625,8C,Air Transport International,A,2025,3
0.00,0.00,0.00,0.00,0.00,0.00,0.00,0.00,2,6,625,8C,Air Transport International,A,2025,4
0.00,0.00,0.00,0.00,0.00,0.00,0.00,0.00,2,6,625,PO,Polar Air Cargo Airways,D,2025,1
0.00,0.00,0.00,0.00,0.00,0.00,0.00,0.00,2,6,625,PO,Polar Air Cargo Airways,D,2025,2
0.00,0.00,0.00,0.00,0.00,0.00,0.00,0.00,2,6,625,PO,Polar Air Cargo Airways,D,2025,3
0.00,0.00,0.00,0.00,0.00,0.00,0.00,0.00,2,6,625,PO,Polar Air Cargo Airways,D,2025,4
0.00,0.00,0.00,0.00,0.00,0.00,0.00,0.00,2,6,625,PO,Polar Air Cargo Airways,P,2025,1
0.00,0.00,0.00,0.00,0.00,0.00,0.00,0.00,2,6,625,PO,Polar Air Cargo Airways,P,2025,2
0.00,0.00,0.00,0.00,0.00,0.00,0.00,0.00,2,6,625,PO,Polar Air Cargo Airways,P,2025,3
0.00,0.00,0.00,0.00,0.00,0.00,0.00,0.00,2,6,626,KAQ,Kalitta Air LLC,I,2025,1
0.00,0.00,0.00,0.00,0.00,0.00,0.00,0.00,2,6,626,KAQ,Kalitta Air LLC,I,2025,2
0.00,0.00,0.00,0.00,0.00,0.00,0.00,0.00,2,6,626,KAQ,Kalitta Air LLC,I,2025,3
0.00,0.00,0.00,0.00,0.00,0.00,0.00,0.00,2,6,626,KAQ,Kalitta Air LLC,I,2025,4
0.00,0.00,0.00,0.00,0.00,0.00,0.00,0.00,2,6,626,NC,Northern Air Cargo Inc.,D,2025,4
0.00,0.00,0.00,0.00,0.00,0.00,0.00,0.00,2,6,683,FX,Federal Express Corporation,L,2025,3
0.00,0.00,0.00,0.00,0.00,0.00,0.00,0.00,2,6,683,KAQ,Kalitta Air LLC,D,2025,1
0.00,0.00,0.00,0.00,0.00,0.00,0.00,0.00,2,6,683,KAQ,Kalitta Air LLC,D,2025,2
0.00,0.00,0.00,0.00,0.00,0.00,0.00,0.00,2,6,691,5X,United Parcel Service,A,2025,1
0.00,0.00,0.00,0.00,0.00,0.00,0.00,0.00,2,6,691,5X,United Parcel Service,A,2025,2
0.00,0.00,0.00,0.00,0.00,0.00,0.00,0.00,2,6,691,5X,United Parcel Service,A,2025,3
0.00,0.00,0.00,0.00,0.00,0.00,0.00,0.00,2,6,691,5X,United Parcel Service,A,2025,4
0.00,0.00,0.00,0.00,0.00,0.00,0.00,0.00,2,6,691,5X,United Parcel Service,P,2025,1
0.00,0.00,0.00,0.00,0.00,0.00,0.00,0.00,2,6,691,5X,United Parcel Service,P,2025,2
0.00,0.00,0.00,0.00,0.00,0.00,0.00,0.00,2,6,691,5X,United Parcel Service,P,2025,3
0.00,0.00,0.00,0.00,0.00,0.00,0.00,0.00,2,6,691,5X,United Parcel Service,P,2025,4
0.00,0.00,0.00,0.00,0.00,0.00,0.00,0.00,2,6,691,FX,Federal Express Corporation,A,2025,1
0.00,0.00,0.00,0.00,0.00,0.00,0.00,0.00,2,6,691,FX,Federal Express Corporation,A,2025,2
0.00,0.00,0.00,0.00,0.00,0.00,0.00,0.00,2,6,691,FX,Federal Express Corporation,A,2025,3
0.00,0.00,0.00,0.00,0.00,0.00,0.00,0.00,2,6,691,FX,Federal Express Corporation,A,2025,4
0.00,0.00,0.00,0.00,0.00,0.00,0.00,0.00,2,6,691,FX,Federal Express Corporation,L,2025,1
0.00,0.00,0.00,0.00,0.00,0.00,0.00,0.00,2,6,691,FX,Federal Express Corporation,L,2025,2
0.00,0.00,0.00,0.00,0.00,0.00,0.00,0.00,2,6,691,FX,Federal Express Corporation,L,2025,3
0.00,0.00,0.00,0.00,0.00,0.00,0.00,0.00,2,6,691,FX,Federal Express Corporation,L,2025,4
0.00,0.00,0.00,0.00,0.00,0.00,0.00,0.00,2,6,692,FX,Federal Express Corporation,A,2025,1
0.00,0.00,0.00,0.00,0.00,0.00,0.00,0.00,2,6,692,FX,Federal Express Corporation,A,2025,2
0.00,0.00,0.00,0.00,0.00,0.00,0.00,0.00,2,6,692,FX,Federal Express Corporation,A,2025,3
0.00,0.00,0.00,0.00,0.00,0.00,0.00,0.00,2,6,692,FX,Federal Express Corporation,A,2025,4
0.00,0.00,0.00,0.00,0.00,0.00,0.00,0.00,2,6,692,FX,Federal Express Corporation,D,2025,1
0.00,0.00,0.00,0.00,0.00,0.00,0.00,0.00,2,6,692,FX,Federal Express Corporation,D,2025,2
0.00,0.00,0.00,0.00,0.00,0.00,0.00,0.00,2,6,692,FX,Federal Express Corporation,D,2025,3
0.00,0.00,0.00,0.00,0.00,0.00,0.00,0.00,2,6,692,FX,Federal Express Corporation,D,2025,4
0.00,0.00,0.00,0.00,0.00,0.00,0.00,0.00,2,6,692,FX,Federal Express Corporation,L,2025,1
0.00,0.00,0.00,0.00,0.00,0.00,0.00,0.00,2,6,692,FX,Federal Express Corporation,L,2025,2
0.00,0.00,0.00,0.00,0.00,0.00,0.00,0.00,2,6,692,FX,Federal Express Corporation,L,2025,3
0.00,0.00,0.00,0.00,0.00,0.00,0.00,0.00,2,6,692,FX,Federal Express Corporation,L,2025,4
0.00,0.00,0.00,0.00,0.00,0.00,0.00,0.00,2,6,692,FX,Federal Express Corporation,P,2025,1
0.00,0.00,0.00,0.00,0.00,0.00,0.00,0.00,2,6,692,FX,Federal Express Corporation,P,2025,2
0.00,0.00,0.00,0.00,0.00,0.00,0.00,0.00,2,6,692,FX,Federal Express Corporation,P,2025,3
0.00,0.00,0.00,0.00,0.00,0.00,0.00,0.00,2,6,692,FX,Federal Express Corporation,P,2025,4
0.00,0.00,0.00,0.00,0.00,0.00,0.00,0.00,2,7,715,FX,Federal Express Corporation,D,2025,1
0.00,0.00,0.00,0.00,0.00,0.00,0.00,0.00,2,7,715,FX,Federal Express Corporation,D,2025,2
0.00,0.00,0.00,0.00,0.00,0.00,0.00,0.00,2,7,715,FX,Federal Express Corporation,D,2025,3
0.00,0.00,0.00,0.00,0.00,0.00,0.00,0.00,2,7,715,FX,Federal Express Corporation,D,2025,4
0.00,0.00,0.00,0.00,0.00,0.00,0.00,0.00,2,7,715,FX,Federal Express Corporation,L,2025,1
0.00,0.00,0.00,0.00,0.00,0.00,0.00,0.00,2,7,715,FX,Federal Express Corporation,L,2025,2
0.00,0.00,0.00,0.00,0.00,0.00,0.00,0.00,2,7,715,FX,Federal Express Corporation,L,2025,3
0.00,0.00,0.00,0.00,0.00,0.00,0.00,0.00,2,7,715,FX,Federal Express Corporation,L,2025,4
0.00,0.00,0.00,0.00,0.00,0.00,0.00,0.00,2,7,730,FX,Federal Express Corporation,A,2025,1
0.00,0.00,0.00,0.00,0.00,0.00,0.00,0.00,2,7,730,FX,Federal Express Corporation,A,2025,2
0.00,0.00,0.00,0.00,0.00,0.00,0.00,0.00,2,7,730,FX,Federal Express Corporation,A,2025,3
0.00,0.00,0.00,0.00,0.00,0.00,0.00,0.00,2,7,730,FX,Federal Express Corporation,A,2025,4
0.00,0.00,0.00,0.00,0.00,0.00,0.00,0.00,2,7,730,FX,Federal Express Corporation,D,2025,1
0.00,0.00,0.00,0.00,0.00,0.00,0.00,0.00,2,7,730,FX,Federal Express Corporation,D,2025,2
0.00,0.00,0.00,0.00,0.00,0.00,0.00,0.00,2,7,730,FX,Federal Express Corporation,D,2025,3
0.00,0.00,0.00,0.00,0.00,0.00,0.00,0.00,2,7,730,FX,Federal Express Corporation,D,2025,4
0.00,0.00,0.00,0.00,0.00,0.00,0.00,0.00,2,7,730,FX,Federal Express Corporation,L,2025,1
0.00,0.00,0.00,0.00,0.00,0.00,0.00,0.00,2,7,730,FX,Federal Express Corporation,L,2025,2
0.00,0.00,0.00,0.00,0.00,0.00,0.00,0.00,2,7,730,FX,Federal Express Corporation,L,2025,3
0.00,0.00,0.00,0.00,0.00,0.00,0.00,0.00,2,7,730,FX,Federal Express Corporation,L,2025,4
0.00,0.00,0.00,0.00,0.00,0.00,0.00,0.00,2,7,730,FX,Federal Express Corporation,P,2025,1
0.00,0.00,0.00,0.00,0.00,0.00,0.00,0.00,2,7,730,FX,Federal Express Corporation,P,2025,2
0.00,0.00,0.00,0.00,0.00,0.00,0.00,0.00,2,7,730,FX,Federal Express Corporation,P,2025,3
0.00,0.00,0.00,0.00,0.00,0.00,0.00,0.00,2,7,730,FX,Federal Express Corporation,P,2025,4
0.00,0.00,0.00,0.00,0.00,0.00,0.00,0.00,2,7,732,FX,Federal Express Corporation,A,2025,1
0.00,0.00,0.00,0.00,0.00,0.00,0.00,0.00,2,7,732,FX,Federal Express Corporation,A,2025,2
0.00,0.00,0.00,0.00,0.00,0.00,0.00,0.00,2,7,732,FX,Federal Express Corporation,A,2025,3
0.00,0.00,0.00,0.00,0.00,0.00,0.00,0.00,2,7,732,FX,Federal Express Corporation,A,2025,4
0.00,0.00,0.00,0.00,0.00,0.00,0.00,0.00,2,7,732,FX,Federal Express Corporation,D,2025,1
0.00,0.00,0.00,0.00,0.00,0.00,0.00,0.00,2,7,732,FX,Federal Express Corporation,D,2025,2
0.00,0.00,0.00,0.00,0.00,0.00,0.00,0.00,2,7,732,FX,Federal Express Corporation,D,2025,3
0.00,0.00,0.00,0.00,0.00,0.00,0.00,0.00,2,7,732,FX,Federal Express Corporation,D,2025,4
0.00,0.00,0.00,0.00,0.00,0.00,0.00,0.00,2,7,732,FX,Federal Express Corporation,L,2025,1
0.00,0.00,0.00,0.00,0.00,0.00,0.00,0.00,2,7,732,FX,Federal Express Corporation,L,2025,2
0.00,0.00,0.00,0.00,0.00,0.00,0.00,0.00,2,7,732,FX,Federal Express Corporation,L,2025,3
0.00,0.00,0.00,0.00,0.00,0.00,0.00,0.00,2,7,732,FX,Federal Express Corporation,L,2025,4
0.00,0.00,0.00,0.00,0.00,0.00,0.00,0.00,2,7,732,FX,Federal Express Corporation,P,2025,1
0.00,0.00,0.00,0.00,0.00,0.00,0.00,0.00,2,7,732,FX,Federal Express Corporation,P,2025,2
0.00,0.00,0.00,0.00,0.00,0.00,0.00,0.00,2,7,732,FX,Federal Express Corporation,P,2025,3
0.00,0.00,0.00,0.00,0.00,0.00,0.00,0.00,2,7,732,FX,Federal Express Corporation,P,2025,4
0.00,0.00,0.00,0.00,0.00,0.00,0.00,0.00,2,7,740,5X,United Parcel Service,A,2025,1
0.00,0.00,0.00,0.00,0.00,0.00,0.00,0.00,2,7,740,5X,United Parcel Service,A,2025,2
0.00,0.00,0.00,0.00,0.00,0.00,0.00,0.00,2,7,740,5X,United Parcel Service,A,2025,3
0.00,0.00,0.00,0.00,0.00,0.00,0.00,0.00,2,7,740,5X,United Parcel Service,A,2025,4
0.00,0.00,0.00,0.00,0.00,0.00,0.00,0.00,2,7,740,5X,United Parcel Service,L,2025,1
0.00,0.00,0.00,0.00,0.00,0.00,0.00,0.00,2,7,740,5X,United Parcel Service,L,2025,2
0.00,0.00,0.00,0.00,0.00,0.00,0.00,0.00,2,7,740,5X,United Parcel Service,L,2025,3
0.00,0.00,0.00,0.00,0.00,0.00,0.00,0.00,2,7,740,5X,United Parcel Service,L,2025,4
0.00,0.00,0.00,0.00,0.00,0.00,0.00,0.00,2,7,740,5X,United Parcel Service,P,2025,1
0.00,0.00,0.00,0.00,0.00,0.00,0.00,0.00,2,7,740,5X,United Parcel Service,P,2025,2
0.00,0.00,0.00,0.00,0.00,0.00,0.00,0.00,2,7,740,5X,United Parcel Service,P,2025,3
0.00,0.00,0.00,0.00,0.00,0.00,0.00,0.00,2,7,740,5X,United Parcel Service,P,2025,4
0.00,0.00,0.00,0.00,0.00,0.00,0.00,0.00,2,7,740,FX,Federal Express Corporation,L,2025,1
0.00,0.00,0.00,0.00,0.00,0.00,0.00,0.00,2,7,740,FX,Federal Express Corporation,L,2025,3
0.00,0.00,0.00,0.00,0.00,0.00,0.00,0.00,2,7,740,FX,Federal Express Corporation,L,2025,4
0.00,0.00,0.00,0.00,0.00,0.00,0.00,0.00,2,7,740,WI,Sky Lease Cargo,I,2025,1
0.00,0.00,0.00,0.00,0.00,0.00,0.00,0.00,2,7,740,WI,Sky Lease Cargo,I,2025,2
0.00,0.00,0.00,0.00,0.00,0.00,0.00,0.00,2,7,740,WI,Sky Lease Cargo,I,2025,3
0.00,0.00,0.00,0.00,0.00,0.00,0.00,0.00,2,7,740,WI,Sky Lease Cargo,I,2025,4
0.00,0.00,0.00,0.00,0.00,0.00,0.00,0.00,2,8,817,5Y,Atlas Air Inc.,I,2025,1
0.00,0.00,0.00,0.00,0.00,0.00,0.00,0.00,2,8,817,5Y,Atlas Air Inc.,I,2025,3
0.00,0.00,0.00,0.00,0.00,0.00,0.00,0.00,2,8,817,5Y,Atlas Air Inc.,I,2025,4
0.00,0.00,0.00,0.00,0.00,0.00,0.00,0.00,2,8,819,5X,United Parcel Service,L,2025,2
0.00,0.00,0.00,0.00,0.00,0.00,0.00,0.00,2,8,819,5X,United Parcel Service,L,2025,3
0.00,0.00,0.00,0.00,0.00,0.00,0.00,0.00,2,8,819,5X,United Parcel Service,L,2025,4
0.00,0.00,0.00,0.00,0.00,0.00,0.00,0.00,2,8,819,PO,Polar Air Cargo Airways,A,2025,1
0.00,0.00,0.00,0.00,0.00,0.00,0.00,0.00,2,8,819,PO,Polar Air Cargo Airways,A,2025,2
0.00,0.00,0.00,0.00,0.00,0.00,0.00,0.00,2,8,819,PO,Polar Air Cargo Airways,A,2025,3
0.00,0.00,0.00,0.00,0.00,0.00,0.00,0.00,2,8,819,PO,Polar Air Cargo Airways,A,2025,4
0.00,0.00,0.00,0.00,0.00,0.00,0.00,0.00,2,8,819,PO,Polar Air Cargo Airways,D,2025,1
0.00,0.00,0.00,0.00,0.00,0.00,0.00,0.00,2,8,819,PO,Polar Air Cargo Airways,D,2025,3
0.00,0.00,0.00,0.00,0.00,0.00,0.00,0.00,2,8,819,PO,Polar Air Cargo Airways,D,2025,4
0.00,0.00,0.00,0.00,0.00,0.00,0.00,0.00,2,8,819,PO,Polar Air Cargo Airways,P,2025,1
0.00,0.00,0.00,0.00,0.00,0.00,0.00,0.00,2,8,819,PO,Polar Air Cargo Airways,P,2025,3
0.00,0.00,0.00,0.00,0.00,0.00,0.00,0.00,2,8,819,PO,Polar Air Cargo Airways,P,2025,4
0.00,0.00,0.00,0.00,0.00,0.00,0.00,0.00,2,8,821,5X,United Parcel Service,L,2025,1
0.00,0.00,0.00,0.00,0.00,0.00,0.00,0.00,2,8,821,5X,United Parcel Service,L,2025,2
0.00,0.00,0.00,0.00,0.00,0.00,0.00,0.00,2,8,821,5X,United Parcel Service,L,2025,3
0.00,0.00,0.00,0.00,0.00,0.00,0.00,0.00,2,8,821,5X,United Parcel Service,L,2025,4
0.00,0.00,0.00,0.00,0.00,0.00,0.00,0.00,2,8,821,PO,Polar Air Cargo Airways,A,2025,1
0.00,0.00,0.00,0.00,0.00,0.00,0.00,0.00,2,8,821,PO,Polar Air Cargo Airways,A,2025,2
0.00,0.00,0.00,0.00,0.00,0.00,0.00,0.00,2,8,821,PO,Polar Air Cargo Airways,A,2025,3
0.00,0.00,0.00,0.00,0.00,0.00,0.00,0.00,2,8,821,PO,Polar Air Cargo Airways,A,2025,4
0.00,0.00,0.00,0.00,0.00,0.00,0.00,0.00,2,8,821,PO,Polar Air Cargo Airways,D,2025,2
0.00,0.00,0.00,0.00,0.00,0.00,0.00,0.00,2,8,821,PO,Polar Air Cargo Airways,D,2025,3
0.00,0.00,0.00,0.00,0.00,0.00,0.00,0.00,2,8,821,PO,Polar Air Cargo Airways,D,2025,4
0.00,0.00,0.00,0.00,0.00,0.00,0.00,0.00,2,8,821,PO,Polar Air Cargo Airways,P,2025,4
0.00,0.00,0.00,0.00,0.00,0.00,0.00,14877.79,2,8,821,PO,Polar Air Cargo Airways,P,2025,3
0.00,0.00,0.00,0.00,0.00,0.00,0.18,18213.26,2,6,627,PO,Polar Air Cargo Airways,P,2025,4
0.00,0.00,0.00,0.00,0.00,0.00,0.54,0.00,2,8,821,PO,Polar Air Cargo Airways,P,2025,2
0.00,0.00,0.00,0.00,3852.31,0.00,0.00,0.00,2,6,626,KAQ,Kalitta Air LLC,D,2025,4
0.00,0.00,0.00,0.00,3902.28,0.00,0.00,0.00,2,6,626,KAQ,Kalitta Air LLC,D,2025,3
0.00,0.00,0.00,0.00,4002.75,0.00,0.00,0.00,2,6,626,KAQ,Kalitta Air LLC,D,2025,1
0.00,0.00,8.00,8.00,8.00,0.00,0.00,0.00,1,6,629,9E,Endeavor Air Inc.,D,2025,2
0.00,0.00,14.35,14.35,14.35,0.00,0.00,0.00,1,6,629,9E,Endeavor Air Inc.,D,2025,4
0.00,0.00,28.72,28.72,28.72,0.00,0.00,0.00,1,6,629,9E,Endeavor Air Inc.,D,2025,3
0.00,0.00,131.44,131.44,131.44,0.00,0.00,0.00,1,6,629,9E,Endeavor Air Inc.,D,2025,1
0.00,0.00,250.71,250.71,4230.54,0.00,0.00,0.00,2,6,626,KAQ,Kalitta Air LLC,D,2025,2
0.00,1.78,7.67,7.67,20.72,0.00,0.00,0.00,1,6,631,YV,Mesa Airlines Inc.,D,2025,1
0.00,3.56,-17.45,-17.45,-9.43,0.00,0.00,0.00,1,6,631,YV,Mesa Airlines Inc.,D,2025,3
0.00,4.44,18.92,18.92,23.45,0.02,0.00,11.57,1,6,631,9E,Endeavor Air Inc.,L,2025,3
0.00,9.51,34.65,34.65,44.33,0.34,0.01,21.56,1,6,631,9E,Endeavor Air Inc.,L,2025,4
0.00,11.42,73.71,73.71,85.26,0.04,0.01,26.76,1,6,631,9E,Endeavor Air Inc.,L,2025,1
0.00,11.76,106.46,106.46,118.41,0.04,0.01,28.11,1,6,631,9E,Endeavor Air Inc.,L,2025,2
0.00,19.67,-75.79,-75.79,-50.67,0.00,0.00,0.00,2,6,614,YV,Mesa Airlines Inc.,D,2025,1
0.00,19.67,-75.79,-75.79,-50.67,0.00,0.00,0.00,2,6,617,YV,Mesa Airlines Inc.,D,2025,1
0.00,66.77,47.16,47.16,118.26,0.00,0.00,0.00,1,6,631,YV,Mesa Airlines Inc.,D,2025,2
0.00,119.89,97.07,105.20,229.43,0.03,0.00,71.27,2,6,683,KAQ,Kalitta Air LLC,D,2025,4
0.00,141.24,113.44,114.06,262.92,0.07,5.52,44.81,1,6,631,OH,PSA Airlines Inc.,L,2025,4
0.00,247.16,117.54,118.61,376.09,0.13,7.85,85.37,1,6,638,OH,PSA Airlines Inc.,L,2025,4
0.00,247.36,144.36,144.36,393.76,0.16,0.02,112.43,1,6,638,9E,Endeavor Air Inc.,L,2025,3
0.00,285.76,383.17,438.80,729.46,0.45,0.07,144.62,1,6,675,C5,CommuteAir LLC dba CommuteAir,L,2025,2
0.00,434.48,410.57,412.22,865.86,0.15,5.52,90.15,1,6,631,OH,PSA Airlines Inc.,L,2025,3
0.00,440.89,277.92,277.92,722.49,0.28,0.04,188.31,1,6,638,9E,Endeavor Air Inc.,L,2025,4
0.00,474.99,437.07,437.93,937.62,0.24,0.06,363.07,1,6,631,OH,PSA Airlines Inc.,L,2025,1
0.00,477.27,402.99,404.43,907.61,0.28,5.46,184.15,1,6,631,OH,PSA Airlines Inc.,L,2025,2
0.00,489.65,475.42,480.92,1161.88,0.18,0.09,86.63,1,6,677,C5,CommuteAir LLC dba CommuteAir,D,2025,1
0.00,557.77,542.56,545.26,1125.41,0.24,7.64,158.36,1,6,638,OH,PSA Airlines Inc.,L,2025,3
0.00,729.28,475.91,478.02,1238.09,0.41,7.31,294.00,1,6,638,OH,PSA Airlines Inc.,L,2025,2
0.00,770.08,0.00,0.00,708.39,0.00,0.00,0.00,2,6,614,5Y,Atlas Air Inc.,D,2025,4
0.00,770.22,405.64,405.64,1181.89,0.49,0.07,336.60,1,6,638,9E,Endeavor Air Inc.,L,2025,2
0.00,800.50,722.27,723.72,1555.81,0.40,0.10,121.03,1,6,638,OH,PSA Airlines Inc.,L,2025,1
0.00,836.87,275.77,430.85,1275.96,0.51,0.23,338.92,1,6,677,MQ,Envoy Air,L,2025,1
0.00,910.73,323.86,462.96,1375.41,0.51,0.22,345.23,1,6,677,MQ,Envoy Air,L,2025,4
0.00,1055.33,6800.47,6800.47,7875.11,3.70,0.81,2473.24,1,6,631,9E,Endeavor Air Inc.,D,2025,1
0.00,1117.99,693.63,693.63,1820.84,0.70,0.11,482.70,1,6,638,9E,Endeavor Air Inc.,L,2025,1
0.00,1661.42,15041.66,15041.66,16731.21,6.09,1.27,3971.89,1,6,631,9E,Endeavor Air Inc.,D,2025,2
0.00,1916.42,8157.31,8157.31,10112.09,8.02,1.54,4988.43,1,6,631,9E,Endeavor Air Inc.,D,2025,3
0.00,2328.67,8482.49,8482.49,10853.12,8.63,1.64,5278.44,1,6,631,9E,Endeavor Air Inc.,D,2025,4
0.00,2515.98,1041.64,1501.46,4039.30,1.47,0.64,1015.26,1,6,677,MQ,Envoy Air,L,2025,3
0.00,2682.75,1000.94,1000.94,3833.63,0.00,0.00,0.00,1,6,638,YV,Mesa Airlines Inc.,D,2025,3
0.00,3057.79,1181.57,1691.18,4775.66,1.82,0.77,1241.96,1,6,677,MQ,Envoy Air,L,2025,2
0.00,3802.23,4626.76,5216.37,9986.87,1.46,0.13,5049.08,2,8,819,KAQ,Kalitta Air LLC,D,2025,4
0.00,7645.99,2519.54,3936.46,11657.67,4.66,2.05,3096.54,1,6,673,MQ,Envoy Air,L,2025,1
0.00,12303.64,5093.83,7342.43,19752.97,7.18,3.14,4964.84,1,6,673,MQ,Envoy Air,L,2025,3
0.00,14346.00,2472.37,2480.13,17101.92,4.31,0.60,8023.51,2,6,339,HA,Hawaiian Airlines Inc.,D,2025,1
0.00,14818.83,5726.20,8195.89,23144.04,8.83,3.74,6018.84,1,6,673,MQ,Envoy Air,L,2025,2
0.00,17920.81,3597.75,3602.07,22027.37,4.80,0.77,8939.32,2,6,339,HA,Hawaiian Airlines Inc.,D,2025,2
0.00,18346.60,6524.07,9326.39,27707.58,10.25,4.48,6954.62,1,6,673,MQ,Envoy Air,L,2025,4
0.00,21072.51,28198.92,32300.69,53734.43,32.97,5.21,10664.18,1,6,675,C5,CommuteAir LLC dba CommuteAir,D,2025,2
0.00,27379.00,28255.00,31025.00,72365.00,27.76,3.96,16677.00,1,6,673,QX,Horizon Air,D,2025,1
0.00,27928.00,29639.00,32754.00,74962.00,31.81,4.09,19137.00,1,6,673,QX,Horizon Air,D,2025,2
0.00,30190.00,27897.00,30935.00,76213.00,33.49,4.31,20454.00,1,6,673,QX,Horizon Air,D,2025,3
0.00,31071.00,29021.00,32060.00,78799.00,31.29,4.32,18946.00,1,6,673,QX,Horizon Air,D,2025,4
0.00,36972.16,12183.22,19034.75,56370.65,22.52,9.92,14973.32,1,6,677,MQ,Envoy Air,D,2025,1
0.00,38199.60,15815.00,22796.33,61327.83,22.31,9.76,15414.54,1,6,677,MQ,Envoy Air,D,2025,3
0.00,38802.82,14993.95,21460.79,60602.24,23.11,9.79,15760.22,1,6,677,MQ,Envoy Air,D,2025,2
0.00,39621.07,15818.92,21467.17,61144.94,18.42,5.21,11577.71,1,6,530,G7,GoJet Airlines LLC d/b/a United Express,D,2025,1
0.00,39733.85,14129.39,20198.47,60007.24,22.20,9.70,15061.86,1,6,677,MQ,Envoy Air,D,2025,4
0.00,40686.99,18394.98,24138.45,64880.85,19.76,5.10,12691.12,1,6,530,G7,GoJet Airlines LLC d/b/a United Express,D,2025,2
0.00,43139.97,21133.59,27305.26,70507.83,22.27,5.55,14426.32,1,6,530,G7,GoJet Airlines LLC d/b/a United Express,D,2025,4
0.00,43606.02,20413.21,26710.40,70381.98,20.89,5.21,13706.98,1,6,530,G7,GoJet Airlines LLC d/b/a United Express,D,2025,3
0.00,54913.58,49080.63,49177.45,106865.39,27.53,5.37,35944.29,1,6,631,OH,PSA Airlines Inc.,D,2025,1
0.00,56959.74,46287.59,46452.80,106387.48,32.29,5.46,21151.72,1,6,631,OH,PSA Airlines Inc.,D,2025,2
0.00,58194.07,45202.13,45450.12,106681.93,29.20,5.52,17855.54,1,6,631,OH,PSA Airlines Inc.,D,2025,4
0.00,58283.16,28484.36,41358.91,101793.54,30.53,6.09,15792.49,1,6,675,PT,Piedmont Airlines,D,2025,1
0.00,58610.83,27205.21,42030.43,102431.47,33.61,6.53,17693.99,1,6,675,PT,Piedmont Airlines,D,2025,4
0.00,62038.33,31036.62,45302.41,109160.86,34.50,6.47,17693.99,1,6,675,PT,Piedmont Airlines,D,2025,3
0.00,62550.66,28903.08,41782.32,106247.62,34.28,6.37,18267.78,1,6,675,PT,Piedmont Airlines,D,2025,2
0.00,86571.63,54663.30,54906.05,145013.39,47.91,7.31,33768.95,1,6,638,OH,PSA Airlines Inc.,D,2025,2
0.00,92252.51,81107.81,81269.72,177070.28,43.81,7.10,11981.43,1,6,638,OH,PSA Airlines Inc.,D,2025,1
0.00,96301.22,87540.53,87892.42,188278.16,31.40,5.52,19221.70,1,6,631,OH,PSA Airlines Inc.,D,2025,3
0.00,100920.16,46837.84,47265.44,152295.71,50.34,7.85,34017.19,1,6,638,OH,PSA Airlines Inc.,D,2025,4
0.00,103339.41,63995.49,63995.49,168181.62,64.29,9.99,44617.30,1,6,638,9E,Endeavor Air Inc.,D,2025,1
0.00,106676.60,62230.32,62230.32,169786.31,69.00,9.81,48487.57,1,6,638,9E,Endeavor Air Inc.,D,2025,3
0.00,107960.81,68043.03,68043.03,176903.10,67.85,9.93,46111.69,1,6,638,9E,Endeavor Air Inc.,D,2025,4
0.00,108837.17,57313.62,57313.62,167001.39,68.84,10.03,47563.40,1,6,638,9E,Endeavor Air Inc.,D,2025,2
0.00,120189.71,115683.59,116257.96,241220.32,51.26,7.64,33765.59,1,6,638,OH,PSA Airlines Inc.,D,2025,3
0.00,123026.03,40540.06,63338.73,187575.09,74.94,33.01,49824.19,1,6,673,MQ,Envoy Air,D,2025,1
0.00,126284.66,48798.15,69844.62,197231.35,75.22,31.84,51291.98,1,6,673,MQ,Envoy Air,D,2025,2
0.00,131266.14,54345.44,78335.54,210742.19,76.65,33.53,52969.32,1,6,673,MQ,Envoy Air,D,2025,3
0.00,138915.17,49398.34,70616.72,209793.80,77.63,33.92,52658.39,1,6,673,MQ,Envoy Air,D,2025,4
0.05,18.97,13.50,14.96,37.66,0.04,0.00,11.95,1,6,673,YX,Republic Airline,L,2025,3
0.07,18.55,13.10,14.69,37.02,0.04,0.00,11.81,1,6,673,YX,Republic Airline,L,2025,4
0.07,35.55,24.19,26.91,69.21,0.06,0.01,21.38,1,6,673,YX,Republic Airline,L,2025,2
0.22,21.11,5.64,6.55,27.66,0.01,0.00,6.81,2,6,614,SY,Sun Country Airlines d/b/a MN Airlines,L,2025,4
0.43,41.19,11.09,15.74,59.44,0.01,0.00,22.02,2,6,683,KAQ,Kalitta Air LLC,D,2025,3
0.49,547.44,670.15,781.27,1338.05,0.54,0.14,258.84,1,6,675,C5,CommuteAir LLC dba CommuteAir,L,2025,1
0.62,596.92,875.65,1006.16,1613.61,0.78,0.16,300.56,1,6,675,C5,CommuteAir LLC dba CommuteAir,L,2025,3
0.70,49.24,42.85,42.85,99.09,0.02,0.00,29.47,2,6,625,ABX,ABX Air Inc,A,2025,1
0.87,75.01,75.56,75.56,164.61,0.03,0.01,54.66,2,6,625,ABX,ABX Air Inc,A,2025,4
1.02,61.77,66.12,66.12,137.24,0.03,0.01,43.03,2,6,625,ABX,ABX Air Inc,A,2025,2
1.16,81.16,80.54,80.54,173.96,0.03,0.01,56.81,2,6,625,ABX,ABX Air Inc,A,2025,3
1.18,135.47,135.09,151.59,341.30,0.11,0.02,69.60,1,6,631,OO,SkyWest Airlines Inc.,L,2025,4
1.25,149.67,157.01,173.59,376.23,0.13,0.03,77.84,1,6,631,OO,SkyWest Airlines Inc.,L,2025,1
2.56,122.89,147.17,163.09,337.43,0.12,0.02,74.72,1,6,631,OO,SkyWest Airlines Inc.,L,2025,3
2.65,3235.30,125.13,125.13,3668.76,0.00,0.00,0.00,1,6,638,YV,Mesa Airlines Inc.,D,2025,2
2.83,726.94,781.45,917.02,1652.30,0.83,0.18,346.01,1,6,675,C5,CommuteAir LLC dba CommuteAir,L,2025,4
3.20,135.49,134.54,152.87,338.32,0.12,0.03,75.39,1,6,631,OO,SkyWest Airlines Inc.,L,2025,2
6.32,56.22,166.58,166.58,222.79,0.00,0.00,0.09,1,6,672,3EQ,"Scott Aviation, LLC  d/b/a  Silver Air",D,2025,1
6.43,3498.18,2848.60,3402.94,7144.94,3.92,0.59,2493.53,1,6,673,OO,SkyWest Airlines Inc.,L,2025,3
6.44,130.57,429.63,429.63,1147.52,0.00,0.00,0.00,1,4,451,YV,Mesa Airlines Inc.,D,2025,2
6.86,1712.98,1658.94,1658.94,3517.95,1.44,0.30,1352.26,1,6,673,YV,Mesa Airlines Inc.,L,2025,2
9.44,1751.56,1797.66,1797.66,3698.58,2.16,0.30,1351.12,1,6,673,YV,Mesa Airlines Inc.,L,2025,3
9.46,2568.33,1835.33,2091.91,5183.00,4.91,2.85,1631.40,1,6,677,YX,Republic Airline,D,2025,4
10.78,4501.02,3234.79,3642.40,9035.75,8.24,5.61,2832.19,1,6,677,YX,Republic Airline,D,2025,3
12.80,13327.42,7136.59,7457.35,20787.71,0.01,0.00,5.21,1,6,678,B6,JetBlue Airways,D,2025,4
13.41,3853.67,2738.04,3254.80,7348.72,4.18,0.62,2606.68,1,6,673,OO,SkyWest Airlines Inc.,L,2025,2
13.49,6303.33,4309.68,4843.96,12348.06,11.24,5.64,3785.56,1,6,677,YX,Republic Airline,D,2025,2
15.98,5758.12,3976.19,4792.67,10888.62,5.97,0.95,3742.78,1,6,673,OO,SkyWest Airlines Inc.,L,2025,1
16.44,4117.05,1.76,4.52,4121.59,0.00,0.01,5.26,2,6,614,5Y,Atlas Air Inc.,D,2025,3
17.95,3920.56,2860.01,3477.57,7682.98,4.13,0.65,2571.88,1,6,673,OO,SkyWest Airlines Inc.,L,2025,4
18.07,20318.13,24664.11,28788.55,49453.33,19.72,5.06,9520.39,1,6,675,C5,CommuteAir LLC dba CommuteAir,D,2025,1
18.52,107.49,78.33,78.33,185.82,0.05,0.02,3.52,1,4,479,3EQ,"Scott Aviation, LLC  d/b/a  Silver Air",D,2025,3
20.48,19602.95,28695.03,32980.84,52929.50,21.81,5.18,9842.73,1,6,675,C5,CommuteAir LLC dba CommuteAir,D,2025,3
20.57,47.71,7.02,10.28,59.80,0.02,0.00,6.37,1,6,721,UA,United Air Lines Inc.,A,2025,3
21.98,7158.06,5480.42,6117.10,14720.49,6.87,5.58,4457.08,1,6,677,YX,Republic Airline,D,2025,1
26.00,48.00,14.00,15.00,67.00,0.01,0.00,8.67,1,6,608,HA,Hawaiian Airlines Inc.,P,2025,4
29.94,57.18,0.00,0.00,57.18,0.03,0.00,5.78,1,6,685,3EQ,"Scott Aviation, LLC  d/b/a  Silver Air",D,2025,4
30.88,61.55,6.16,9.57,76.60,0.02,0.00,12.02,1,6,838,UA,United Air Lines Inc.,A,2025,4
31.97,1544.91,1678.18,2128.28,3816.43,0.93,0.18,1605.94,2,6,625,8C,Air Transport International,D,2025,4
32.09,1951.86,2089.03,2089.03,4336.43,0.80,0.17,1359.68,2,6,626,ABX,ABX Air Inc,A,2025,2
40.45,149.55,199.65,199.65,349.20,0.05,0.02,10.73,1,6,672,3EQ,"Scott Aviation, LLC  d/b/a  Silver Air",D,2025,2
41.21,146.32,50.72,50.72,197.04,0.10,0.03,7.94,1,4,479,3EQ,"Scott Aviation, LLC  d/b/a  Silver Air",D,2025,4
41.42,66.51,35.03,38.75,111.33,0.01,0.00,17.44,1,6,623,UA,United Air Lines Inc.,L,2025,4
42.18,106.01,23.55,29.45,148.84,0.02,0.01,16.55,1,6,678,B6,JetBlue Airways,L,2025,1
42.67,59.79,17.87,20.62,84.94,0.01,0.00,17.18,2,8,819,5X,United Parcel Service,L,2025,1
44.00,75.00,7.00,11.00,91.00,0.01,0.00,19.68,1,6,687,DL,Delta Air Lines Inc.,P,2025,4
44.00,77.00,9.00,13.00,95.00,0.01,0.00,19.46,1,6,687,DL,Delta Air Lines Inc.,P,2025,3
45.00,75.00,9.00,13.00,93.00,0.01,0.00,20.42,1,6,687,DL,Delta Air Lines Inc.,P,2025,2
45.33,518.71,393.77,400.04,1110.07,0.12,0.09,48.45,1,6,677,C5,CommuteAir LLC dba CommuteAir,D,2025,2
45.66,3222.70,2805.01,2805.01,6486.15,1.13,0.27,1929.05,2,6,626,ABX,ABX Air Inc,A,2025,1
46.00,86.00,14.00,20.00,114.00,0.02,0.00,20.92,1,6,623,DL,Delta Air Lines Inc.,L,2025,2
46.09,12267.13,3703.13,4382.44,16649.57,6.42,1.09,5749.71,2,6,614,SY,Sun Country Airlines d/b/a MN Airlines,D,2025,1
46.46,4013.44,4042.71,4042.71,8806.97,1.71,0.68,2924.53,2,6,625,ABX,ABX Air Inc,D,2025,4
51.00,105.00,23.00,32.00,148.00,0.02,0.00,22.84,1,6,694,DL,Delta Air Lines Inc.,L,2025,3
52.04,1425.62,1771.31,2239.79,3825.73,0.77,0.18,1198.60,2,6,625,8C,Air Transport International,D,2025,1
52.08,4499.29,4532.11,4532.11,9873.12,1.91,0.41,3278.56,2,6,626,ABX,ABX Air Inc,A,2025,4
53.06,1941.04,2083.86,2619.80,4724.36,1.01,0.18,1605.94,2,6,625,8C,Air Transport International,D,2025,2
54.14,114.65,308.27,308.27,56.97,0.00,0.00,0.00,1,4,451,YV,Mesa Airlines Inc.,D,2025,3
54.46,108.01,75.45,81.84,204.87,0.03,0.01,23.08,1,6,623,UA,United Air Lines Inc.,A,2025,4
54.50,98.08,327.66,327.66,504.65,0.00,0.00,0.00,1,4,451,YV,Mesa Airlines Inc.,D,2025,1
54.62,104.98,6.16,7.68,134.85,0.03,0.03,22.41,1,6,612,SY,Sun Country Airlines d/b/a MN Airlines,D,2025,3
55.45,221.67,236.84,247.53,523.20,0.05,0.00,24.20,1,6,887,UA,United Air Lines Inc.,P,2025,3
57.00,4005.56,3975.26,3975.26,8586.19,1.65,0.34,2803.91,2,6,626,ABX,ABX Air Inc,A,2025,3
58.57,12784.26,476.43,1151.77,16118.63,1.07,0.30,804.52,2,6,614,5Y,Atlas Air Inc.,D,2025,2
58.88,83.80,24.77,28.40,117.96,0.01,0.00,26.24,1,6,623,UA,United Air Lines Inc.,L,2025,2
59.50,144.48,19.59,19.59,174.55,0.03,0.00,24.75,1,6,698,NK,Spirit Air Lines,L,2025,1
61.47,15841.57,1973.67,4840.44,23748.44,3.72,0.59,2764.14,2,6,614,5Y,Atlas Air Inc.,D,2025,1
62.29,92.09,6.56,6.56,98.65,0.10,0.05,23.30,1,6,685,3EQ,"Scott Aviation, LLC  d/b/a  Silver Air",D,2025,2
64.36,4543.07,3954.25,3954.25,9143.59,1.60,0.67,2719.40,2,6,625,ABX,ABX Air Inc,D,2025,1
66.64,485.67,22.58,29.30,515.55,0.03,0.00,28.72,1,6,634,UA,United Air Lines Inc.,L,2025,2
67.65,697.10,214.84,214.84,961.83,0.15,0.03,136.10,1,6,698,GCA,"Global Crossing Airlines, Inc.",D,2025,2
68.23,225.77,299.99,317.68,621.22,0.06,0.01,28.13,1,6,887,UA,United Air Lines Inc.,L,2025,4
69.18,465.60,198.50,209.31,866.22,0.05,0.09,27.71,1,6,677,C5,CommuteAir LLC dba CommuteAir,D,2025,3
69.64,83.55,44.35,44.35,127.89,0.06,0.01,16.65,1,6,653,3EQ,"Scott Aviation, LLC  d/b/a  Silver Air",D,2025,4
69.80,99.79,19.94,19.94,119.73,0.06,0.03,13.24,1,6,685,3EQ,"Scott Aviation, LLC  d/b/a  Silver Air",D,2025,1
71.00,126.00,21.00,30.00,168.00,0.02,0.00,28.78,1,6,623,DL,Delta Air Lines Inc.,L,2025,1
71.24,1940.08,2213.04,2748.05,4863.23,1.02,0.18,1605.94,2,6,625,8C,Air Transport International,D,2025,3
71.81,143.30,17.71,27.81,174.99,0.01,0.00,24.10,1,6,627,X9,Omni Air International LLC,D,2025,2
71.89,109.57,61.18,61.18,170.76,0.04,0.01,32.31,1,6,655,WL,"Caribbean Sun Airlines, Inc. d/b/a World Atlantic Airlines",D,2025,2
76.40,76.40,4.06,4.06,80.46,0.04,0.01,11.57,1,6,653,3EQ,"Scott Aviation, LLC  d/b/a  Silver Air",D,2025,1
78.30,134.92,72.83,83.33,237.99,0.02,0.00,31.75,2,6,691,5X,United Parcel Service,L,2025,4
79.38,108.87,1.71,1.71,110.58,0.09,0.02,12.81,1,6,685,3EQ,"Scott Aviation, LLC  d/b/a  Silver Air",D,2025,3
79.80,87.98,2.39,2.39,90.37,0.07,0.01,20.82,1,6,653,3EQ,"Scott Aviation, LLC  d/b/a  Silver Air",D,2025,2
83.55,21439.41,22918.56,26916.72,48602.23,21.32,5.16,10133.51,1,6,675,C5,CommuteAir LLC dba CommuteAir,D,2025,4
85.93,564.76,174.69,177.30,945.31,0.14,0.09,71.30,1,6,677,C5,CommuteAir LLC dba CommuteAir,D,2025,4
86.25,133.83,59.83,59.83,194.87,0.04,0.01,31.60,1,6,655,WL,"Caribbean Sun Airlines, Inc. d/b/a World Atlantic Airlines",D,2025,4
86.61,6960.72,2463.46,4690.99,13448.33,0.44,1.39,161.34,1,6,629,ZW,Air Wisconsin Airlines Corp,D,2025,2
87.15,136.20,57.96,57.96,199.27,0.04,0.01,29.39,1,6,655,WL,"Caribbean Sun Airlines, Inc. d/b/a World Atlantic Airlines",D,2025,3
90.22,162.69,87.11,100.28,289.99,0.02,0.01,38.13,2,6,691,5X,United Parcel Service,L,2025,3
91.99,6464.91,6416.00,6416.00,13857.98,2.66,0.68,4525.46,2,6,625,ABX,ABX Air Inc,D,2025,3
92.26,392.84,30.05,41.48,435.51,0.04,0.01,39.20,1,6,634,UA,United Air Lines Inc.,L,2025,4
93.83,264.74,108.57,123.48,469.68,0.07,0.03,55.63,2,6,619,NC,Northern Air Cargo Inc.,D,2025,2
93.92,212.56,14.05,27.10,243.56,0.05,0.01,65.33,1,6,694,F9,Frontier Airlines Inc.,L,2025,1
97.77,172.97,68.43,79.75,270.81,0.04,0.01,43.65,1,6,623,UA,United Air Lines Inc.,L,2025,3
100.60,256.19,21.30,37.29,296.75,0.07,0.01,85.51,1,6,694,F9,Frontier Airlines Inc.,L,2025,4
101.00,187.00,20.00,30.00,228.00,0.02,0.00,44.59,1,6,696,DL,Delta Air Lines Inc.,P,2025,4
101.00,282.00,109.00,299.00,592.00,0.02,0.00,44.31,2,7,740,FX,Federal Express Corporation,L,2025,2
102.27,25529.98,24724.50,24724.50,52430.91,21.41,4.47,20153.88,1,6,673,YV,Mesa Airlines Inc.,D,2025,2
102.40,185.40,90.35,106.30,322.25,0.02,0.01,57.73,2,6,691,5X,United Parcel Service,L,2025,2
103.26,6280.21,6721.55,6721.55,13952.70,2.56,0.65,4374.83,2,6,625,ABX,ABX Air Inc,D,2025,2
103.91,168.62,14.25,19.36,207.00,0.03,0.00,45.48,1,6,626,UA,United Air Lines Inc.,P,2025,2
103.99,23283.14,1666.78,3935.47,27464.44,3.44,0.24,7884.86,2,6,627,5Y,Atlas Air Inc.,D,2025,4
109.25,223.77,299.94,299.94,523.71,0.04,0.01,20.10,1,6,641,3EQ,"Scott Aviation, LLC  d/b/a  Silver Air",D,2025,4
110.06,123.97,5.93,5.93,129.89,0.09,0.02,23.20,1,6,653,3EQ,"Scott Aviation, LLC  d/b/a  Silver Air",D,2025,3
111.02,19653.47,19513.32,21892.97,42830.67,15.10,4.05,11052.86,1,6,638,OO,SkyWest Airlines Inc.,D,2025,1
115.00,212.00,23.00,33.00,258.00,0.03,0.00,51.95,1,6,696,DL,Delta Air Lines Inc.,P,2025,2
115.92,166.54,9.53,13.60,196.71,0.05,0.01,48.32,1,6,626,UA,United Air Lines Inc.,P,2025,1
123.00,200.00,263.00,1330.00,1548.00,0.03,0.01,78.00,2,7,740,FX,Federal Express Corporation,A,2025,1
125.80,592.24,43.12,58.33,652.04,0.06,0.01,53.84,1,6,634,UA,United Air Lines Inc.,L,2025,3
125.82,22364.37,1523.71,3912.30,26519.64,3.19,0.23,7379.27,2,6,627,5Y,Atlas Air Inc.,D,2025,3
127.37,283.35,127.22,127.22,410.56,0.16,0.05,25.98,1,6,639,3EQ,"Scott Aviation, LLC  d/b/a  Silver Air",D,2025,2
130.12,20833.97,1370.94,3362.24,24529.46,2.74,0.23,6091.55,2,6,627,5Y,Atlas Air Inc.,D,2025,1
134.96,270.31,28.08,43.43,320.38,0.02,0.00,50.27,1,6,627,X9,Omni Air International LLC,D,2025,3
137.83,351.94,250.95,250.95,602.88,0.09,0.03,35.09,1,6,777,3EQ,"Scott Aviation, LLC  d/b/a  Silver Air",D,2025,2
138.12,25637.31,26312.06,26312.06,54135.65,31.64,4.36,19776.16,1,6,673,YV,Mesa Airlines Inc.,D,2025,3
138.31,241.66,125.00,142.91,421.43,0.03,0.01,56.53,2,6,691,5X,United Parcel Service,L,2025,1
139.07,312.86,81.50,81.50,394.36,0.06,0.01,59.78,1,6,655,WL,"Caribbean Sun Airlines, Inc. d/b/a World Atlantic Airlines",D,2025,1
139.32,413.40,85.00,122.18,550.90,0.03,0.01,48.90,1,6,625,X9,Omni Air International LLC,D,2025,2
140.00,298.82,147.98,147.98,446.80,0.10,0.04,27.16,1,6,672,3EQ,"Scott Aviation, LLC  d/b/a  Silver Air",D,2025,3
143.77,501.63,506.95,506.95,1008.57,0.05,0.01,17.25,1,6,647,3EQ,"Scott Aviation, LLC  d/b/a  Silver Air",D,2025,1
150.00,260.00,32.00,46.00,325.00,0.04,0.00,67.86,1,6,624,DL,Delta Air Lines Inc.,L,2025,2
150.49,582.75,255.07,255.07,1046.50,0.03,0.05,29.62,1,6,622,N8,National Air Cargo Group Inc d/ba National Airlines,I,2025,1
150.94,234.64,76.73,86.77,341.98,0.05,0.01,63.86,1,6,623,UA,United Air Lines Inc.,A,2025,3
159.94,25608.09,1685.09,4132.70,30150.40,7.79,0.67,17336.81,2,6,627,5Y,Atlas Air Inc.,I,2025,1
160.63,35967.14,2574.80,6079.40,42426.31,13.76,0.96,31538.49,2,6,627,5Y,Atlas Air Inc.,I,2025,4
164.64,17366.11,12769.92,16881.03,36092.22,9.32,3.68,4505.87,1,6,629,ZW,Air Wisconsin Airlines Corp,D,2025,1
165.89,20582.75,6893.11,7985.25,28568.00,9.75,1.75,9131.49,2,6,614,SY,Sun Country Airlines d/b/a MN Airlines,D,2025,3
170.00,319.00,39.00,55.00,396.00,0.04,0.00,76.03,1,6,624,DL,Delta Air Lines Inc.,P,2025,3
171.91,3068.95,750.15,2446.70,7008.76,0.08,0.24,48.30,1,6,629,ZW,Air Wisconsin Airlines Corp,D,2025,3
179.38,374.45,164.47,164.47,538.92,0.13,0.05,21.82,1,6,639,3EQ,"Scott Aviation, LLC  d/b/a  Silver Air",D,2025,1
189.88,445.98,216.02,216.02,949.56,0.03,0.27,55.18,1,6,626,1BQ,"Eastern Airlines f/k/a Dynamic Airways, LLC",D,2025,1
190.00,319.00,42.00,59.00,402.00,0.04,0.01,77.41,1,6,696,DL,Delta Air Lines Inc.,L,2025,1
190.61,33881.90,2308.42,5927.12,40177.11,13.61,0.97,31458.03,2,6,627,5Y,Atlas Air Inc.,I,2025,3
191.17,355.07,277.31,277.31,632.38,0.21,0.08,39.33,1,6,639,3EQ,"Scott Aviation, LLC  d/b/a  Silver Air",D,2025,3
191.27,378.09,286.10,286.10,664.19,0.06,0.02,32.13,1,6,641,3EQ,"Scott Aviation, LLC  d/b/a  Silver Air",D,2025,1
192.04,601.13,350.01,350.01,951.15,0.14,0.05,37.52,1,6,672,3EQ,"Scott Aviation, LLC  d/b/a  Silver Air",D,2025,4
195.00,555.00,107.00,160.00,786.00,0.13,0.02,86.27,1,6,723,DL,Delta Air Lines Inc.,L,2025,4
195.75,3986.76,1440.80,1440.80,5821.04,1.20,0.27,1592.38,2,6,699,GCA,"Global Crossing Airlines, Inc.",D,2025,3
197.84,766.55,286.35,318.35,1286.50,0.07,0.02,64.08,2,6,614,NC,Northern Air Cargo Inc.,D,2025,3
201.75,216.91,187.64,187.64,404.55,0.08,0.00,41.72,1,6,688,3EQ,"Scott Aviation, LLC  d/b/a  Silver Air",D,2025,4
202.03,14927.29,5220.53,6050.05,20977.34,7.62,1.31,6970.28,2,6,614,SY,Sun Country Airlines d/b/a MN Airlines,D,2025,2
203.98,421.20,75.32,93.67,562.74,0.09,0.01,87.99,1,6,626,UA,United Air Lines Inc.,P,2025,4
204.26,513.96,95.37,136.22,668.77,0.04,0.01,67.77,1,6,625,X9,Omni Air International LLC,D,2025,3
204.90,275.31,127.60,127.60,402.91,0.05,0.00,38.48,1,6,612,3EQ,"Scott Aviation, LLC  d/b/a  Silver Air",D,2025,4
209.16,420.42,149.61,149.61,570.04,0.08,0.03,24.36,1,6,515,3EQ,"Scott Aviation, LLC  d/b/a  Silver Air",D,2025,1
209.16,420.42,150.31,150.31,570.73,0.11,0.04,44.11,1,6,777,3EQ,"Scott Aviation, LLC  d/b/a  Silver Air",D,2025,1
211.56,779.78,116.91,116.91,896.69,0.14,0.07,109.26,2,5,556,L2,Lynden Air Cargo Airlines,I,2025,2
213.41,2298.91,2950.00,3427.80,6351.79,0.73,0.08,2592.38,2,8,819,KAQ,Kalitta Air LLC,D,2025,2
224.80,482.24,50.05,50.05,547.41,0.03,0.82,2205.04,2,8,819,N8,National Air Cargo Group Inc d/ba National Airlines,D,2025,2
226.00,471.00,46.00,68.00,569.00,0.05,0.01,99.96,1,6,624,DL,Delta Air Lines Inc.,P,2025,4
227.43,1660.20,736.83,1055.55,2794.02,0.32,0.06,704.97,2,6,626,8C,Air Transport International,A,2025,4
229.79,343.19,90.12,101.66,483.02,0.04,0.00,94.15,1,6,637,UA,United Air Lines Inc.,L,2025,4
235.43,23056.60,7941.64,9263.10,32319.70,10.77,1.84,9923.03,2,6,614,SY,Sun Country Airlines d/b/a MN Airlines,D,2025,4
236.78,393.07,220.95,220.95,614.02,0.28,0.09,43.29,1,6,639,3EQ,"Scott Aviation, LLC  d/b/a  Silver Air",D,2025,4
240.69,584.49,79.27,79.27,706.14,0.12,0.02,74.28,1,6,698,NK,Spirit Air Lines,D,2025,1
247.49,21381.78,21537.73,21537.73,46919.56,9.10,1.64,15580.55,2,6,626,ABX,ABX Air Inc,D,2025,4
260.06,143385.35,112373.62,135368.36,288617.08,158.61,23.79,100869.75,1,6,673,OO,SkyWest Airlines Inc.,D,2025,3
266.82,519.03,427.51,427.51,946.54,0.14,0.03,51.83,1,6,515,3EQ,"Scott Aviation, LLC  d/b/a  Silver Air",D,2025,3
268.04,125254.72,85638.62,96255.70,245370.93,223.20,16.65,75223.50,1,6,673,YX,Republic Airline,D,2025,2
273.95,539.30,305.76,305.76,845.06,0.18,0.02,51.80,1,6,647,3EQ,"Scott Aviation, LLC  d/b/a  Silver Air",D,2025,4
278.94,6303.65,2053.12,2053.12,8917.48,1.71,0.28,1832.30,1,6,699,GCA,"Global Crossing Airlines, Inc.",D,2025,3
279.00,537.41,389.33,389.33,926.74,0.17,0.03,58.07,1,6,647,3EQ,"Scott Aviation, LLC  d/b/a  Silver Air",D,2025,2
284.00,765.00,169.00,244.00,1109.00,0.19,0.03,128.58,1,6,723,DL,Delta Air Lines Inc.,L,2025,2
287.00,506.00,60.00,84.00,622.00,0.06,0.01,116.82,1,6,696,DL,Delta Air Lines Inc.,P,2025,1
291.00,20450.16,20295.45,20295.45,43836.33,8.40,1.60,14315.18,2,6,626,ABX,ABX Air Inc,D,2025,3
292.97,581.98,101.04,235.16,904.90,0.15,0.01,145.43,1,6,721,HA,Hawaiian Airlines Inc.,P,2025,2
297.60,519.52,385.39,385.39,904.90,0.19,0.03,62.97,1,6,515,3EQ,"Scott Aviation, LLC  d/b/a  Silver Air",D,2025,4
299.67,730.68,46.22,98.21,838.49,0.18,0.03,186.05,1,6,694,F9,Frontier Airlines Inc.,L,2025,3
304.38,127088.87,91336.34,102845.49,255129.91,232.78,17.20,79968.44,1,6,673,YX,Republic Airline,D,2025,3
305.00,482.00,66.00,92.00,609.00,0.07,0.01,136.34,1,6,696,DL,Delta Air Lines Inc.,D,2025,3
310.44,996.83,184.13,223.95,1261.06,0.06,0.02,99.21,1,6,625,X9,Omni Air International LLC,D,2025,1
311.11,1627.79,305.55,305.55,2012.76,0.22,0.09,217.01,1,6,698,GCA,"Global Crossing Airlines, Inc.",S,2025,1
315.80,657.81,117.53,136.27,892.07,0.15,0.01,153.54,1,6,721,HA,Hawaiian Airlines Inc.,P,2025,1
330.66,3107.51,1050.07,1050.07,4401.42,0.72,0.21,969.47,2,6,699,GCA,"Global Crossing Airlines, Inc.",D,2025,2
330.71,670.39,47.69,47.69,739.23,0.04,0.81,2140.34,2,8,819,N8,National Air Cargo Group Inc d/ba National Airlines,D,2025,1
345.43,566.62,546.16,546.16,1112.78,0.20,0.05,66.30,1,6,515,3EQ,"Scott Aviation, LLC  d/b/a  Silver Air",D,2025,2
352.46,114784.96,87882.85,98092.39,236054.43,110.03,16.02,71472.78,1,6,673,YX,Republic Airline,D,2025,1
353.03,24920.20,21690.32,21690.32,50155.52,8.76,1.80,14916.78,2,6,626,ABX,ABX Air Inc,D,2025,1
355.71,632.08,251.12,251.12,883.20,0.23,0.03,70.92,1,6,647,3EQ,"Scott Aviation, LLC  d/b/a  Silver Air",D,2025,3
358.08,411.98,94.40,94.40,506.38,0.12,0.02,71.24,1,6,688,3EQ,"Scott Aviation, LLC  d/b/a  Silver Air",D,2025,3
358.33,883.25,53.24,104.16,1000.89,0.22,0.03,218.28,1,6,694,F9,Frontier Airlines Inc.,L,2025,2
364.12,944.61,153.38,210.23,1192.56,0.06,0.02,144.38,1,6,627,X9,Omni Air International LLC,D,2025,4
364.94,452.48,32.23,32.23,484.71,0.14,0.05,101.75,2,5,556,L2,Lynden Air Cargo Airlines,I,2025,4
368.13,22389.22,23962.65,23962.65,49742.01,9.14,1.81,15596.48,2,6,626,ABX,ABX Air Inc,D,2025,2
368.93,922.96,391.53,391.53,1835.67,0.07,0.27,107.21,1,6,626,1BQ,"Eastern Airlines f/k/a Dynamic Airways, LLC",I,2025,1
370.00,775.00,146.00,210.00,1071.00,0.17,0.02,167.90,1,6,694,DL,Delta Air Lines Inc.,L,2025,2
381.00,844.00,673.00,1416.00,2306.00,0.08,0.02,190.48,2,7,740,FX,Federal Express Corporation,A,2025,3
386.87,1409.51,116.92,244.24,1683.19,0.38,0.07,555.46,2,6,626,5Y,Atlas Air Inc.,D,2025,3
387.00,758.00,155.00,192.00,1034.00,0.18,0.02,155.00,1,6,634,AS,Alaska Airlines Inc.,L,2025,1
391.75,142969.85,95665.12,116326.71,267577.93,146.44,23.16,91747.87,1,6,673,OO,SkyWest Airlines Inc.,D,2025,1
398.82,775.98,78.48,105.79,908.38,0.05,0.01,128.72,1,6,627,X9,Omni Air International LLC,D,2025,1
403.28,2370.55,3185.25,3658.98,6611.34,0.69,0.07,2379.10,2,8,819,KAQ,Kalitta Air LLC,D,2025,1
405.17,1143.21,468.83,533.19,2028.18,0.29,0.09,263.91,2,6,614,NC,Northern Air Cargo Inc.,D,2025,2
407.44,1292.05,530.90,543.62,1887.77,0.60,0.09,163.55,1,4,442,3M,Silver Airways,I,2025,1
410.11,880.31,356.19,356.19,1236.50,0.14,0.03,88.42,1,6,658,3EQ,"Scott Aviation, LLC  d/b/a  Silver Air",D,2025,3
415.31,1113.67,425.29,494.29,1952.79,0.27,0.09,247.97,2,6,614,NC,Northern Air Cargo Inc.,D,2025,1
428.14,1657.94,725.66,725.66,2977.30,0.09,0.05,118.51,1,6,622,N8,National Air Cargo Group Inc d/ba National Airlines,D,2025,1
429.05,898.90,420.69,420.69,1319.59,0.19,0.04,107.85,1,6,658,3EQ,"Scott Aviation, LLC  d/b/a  Silver Air",D,2025,4
429.38,41143.80,11077.79,15727.64,59377.08,8.32,0.74,21998.15,2,6,683,KAQ,Kalitta Air LLC,I,2025,3
431.12,1670.40,623.98,693.73,2803.41,0.15,0.04,133.61,2,6,619,NC,Northern Air Cargo Inc.,D,2025,3
438.85,3562.21,1036.77,1036.77,5036.90,0.83,0.27,1097.95,2,6,699,GCA,"Global Crossing Airlines, Inc.",D,2025,4
444.91,2839.38,2574.63,3681.67,7782.35,0.22,0.89,120.31,1,6,629,ZW,Air Wisconsin Airlines Corp,D,2025,4
448.19,616.79,137.62,154.65,832.55,0.07,0.01,190.03,1,6,637,UA,United Air Lines Inc.,L,2025,3
449.07,54264.50,56312.71,62260.59,135522.34,45.44,10.51,27919.50,1,6,631,OO,SkyWest Airlines Inc.,D,2025,1
452.88,1079.84,385.30,385.30,1465.15,0.18,0.02,94.54,1,6,658,3EQ,"Scott Aviation, LLC  d/b/a  Silver Air",D,2025,2
457.48,778.29,0.00,0.00,778.29,0.12,0.03,64.89,1,6,688,3EQ,"Scott Aviation, LLC  d/b/a  Silver Air",D,2025,1
462.00,1332.00,522.00,2396.00,3783.00,0.09,0.02,220.58,2,7,740,FX,Federal Express Corporation,A,2025,2
463.96,53762.11,53027.93,59508.12,134561.49,42.68,8.63,27323.13,1,6,631,OO,SkyWest Airlines Inc.,D,2025,4
468.58,703.57,160.39,183.83,966.13,0.08,0.01,201.76,1,6,637,UA,United Air Lines Inc.,L,2025,2
475.95,1069.35,87.47,137.63,1243.73,0.26,0.24,209.91,1,6,748,MX,Breeze Aviation Group DBA  Breeze,D,2025,2
477.94,129801.08,92756.23,105723.77,261944.94,247.58,17.39,82449.65,1,6,673,YX,Republic Airline,D,2025,4
478.00,831.00,90.00,135.00,1026.00,0.11,0.01,211.72,1,6,696,DL,Delta Air Lines Inc.,L,2025,4
488.00,937.00,146.00,219.00,1254.00,0.17,0.02,215.90,1,6,622,DL,Delta Air Lines Inc.,A,2025,4
504.89,147475.00,102593.08,122715.15,279237.54,157.40,23.36,98167.15,1,6,673,OO,SkyWest Airlines Inc.,D,2025,2
514.18,877.70,123.77,123.77,1001.47,0.32,0.07,239.31,2,5,556,L2,Lynden Air Cargo Airlines,I,2025,3
527.71,1789.13,297.19,459.47,2323.52,0.12,0.03,219.70,1,6,626,X9,Omni Air International LLC,D,2025,3
528.33,1513.25,118.12,226.28,1844.77,0.43,0.10,638.00,2,6,626,5Y,Atlas Air Inc.,D,2025,2
531.78,936.59,449.58,449.58,1776.04,0.11,0.27,171.06,1,6,626,1BQ,"Eastern Airlines f/k/a Dynamic Airways, LLC",D,2025,2
535.23,1110.78,131.18,218.05,1363.98,0.31,0.04,225.52,1,6,721,UA,United Air Lines Inc.,L,2025,4
552.83,16833.24,24136.72,26444.73,44618.95,15.40,4.19,10736.14,1,6,638,OO,SkyWest Airlines Inc.,D,2025,2
555.80,1590.04,232.19,340.17,1997.61,0.13,0.03,208.68,1,6,625,X9,Omni Air International LLC,D,2025,4
556.46,1604.43,232.31,365.53,2030.59,0.11,0.03,205.46,1,6,626,X9,Omni Air International LLC,D,2025,2
565.00,903.00,123.00,174.00,1147.00,0.12,0.01,229.95,1,6,696,DL,Delta Air Lines Inc.,D,2025,1
567.29,1993.49,318.00,408.28,2489.17,0.10,0.05,185.81,1,6,626,X9,Omni Air International LLC,D,2025,1
584.85,970.84,657.97,657.97,1628.81,0.14,0.03,73.10,1,6,688,3EQ,"Scott Aviation, LLC  d/b/a  Silver Air",D,2025,2
615.00,1028.00,126.00,178.00,1278.00,0.12,0.01,250.42,1,6,687,DL,Delta Air Lines Inc.,P,2025,1
616.00,1161.00,358.00,380.00,1631.00,0.20,0.02,178.44,1,6,721,HA,Hawaiian Airlines Inc.,P,2025,3
638.64,1505.17,142.00,231.61,1873.92,0.45,0.04,300.34,1,6,838,UA,United Air Lines Inc.,A,2025,2
643.41,1031.10,455.29,455.29,1486.39,0.08,0.01,128.30,1,6,641,3EQ,"Scott Aviation, LLC  d/b/a  Silver Air",D,2025,3
663.46,146843.49,105376.04,128853.68,286225.45,152.48,23.96,95060.31,1,6,673,OO,SkyWest Airlines Inc.,D,2025,4
670.90,2942.39,303.15,559.05,3572.36,0.60,0.08,838.57,2,6,626,5Y,Atlas Air Inc.,D,2025,4
678.00,1090.00,158.00,221.00,1395.00,0.16,0.01,303.14,1,6,339,DL,Delta Air Lines Inc.,D,2025,3
687.82,1129.45,302.39,302.39,1431.84,0.28,0.08,152.34,1,6,641,3EQ,"Scott Aviation, LLC  d/b/a  Silver Air",D,2025,2
716.89,1203.55,1452.02,1452.02,2655.57,0.26,0.05,143.78,1,6,667,3EQ,"Scott Aviation, LLC  d/b/a  Silver Air",D,2025,4
725.44,2802.91,1237.87,1369.30,4880.54,0.29,0.09,248.44,2,6,619,NC,Northern Air Cargo Inc.,D,2025,4
730.59,1653.23,1292.73,1292.73,2945.96,0.31,0.06,154.19,1,6,667,3EQ,"Scott Aviation, LLC  d/b/a  Silver Air",D,2025,2
731.86,38132.38,40707.57,51189.22,92801.53,20.23,3.59,31090.01,2,6,626,8C,Air Transport International,D,2025,4
739.95,1315.84,1309.93,1309.93,2625.77,0.27,0.07,135.92,1,6,667,3EQ,"Scott Aviation, LLC  d/b/a  Silver Air",D,2025,1
772.40,1872.74,611.94,629.21,2607.65,0.82,0.36,294.51,1,4,441,3M,Silver Airways,I,2025,1
773.22,1478.38,374.58,374.58,1852.96,0.07,0.02,40.77,1,6,658,3EQ,"Scott Aviation, LLC  d/b/a  Silver Air",D,2025,1
781.76,8074.10,2482.58,2482.58,11133.17,1.70,0.28,1874.54,1,6,699,GCA,"Global Crossing Airlines, Inc.",D,2025,2
790.11,2509.76,955.98,982.95,3589.50,1.28,0.36,393.40,1,4,441,3M,Silver Airways,D,2025,1
805.00,2096.00,506.00,714.00,3097.00,0.48,0.08,327.58,1,6,723,DL,Delta Air Lines Inc.,L,2025,1
805.05,1318.00,1543.23,1603.09,3190.26,0.25,0.02,342.58,1,6,887,UA,United Air Lines Inc.,D,2025,3
812.00,1513.00,442.00,469.00,2112.00,0.25,0.03,232.29,1,6,721,HA,Hawaiian Airlines Inc.,P,2025,4
834.01,19833.76,1469.55,3552.60,24226.33,2.90,0.22,6574.90,2,6,627,5Y,Atlas Air Inc.,D,2025,2
842.00,1586.00,489.00,519.00,2228.00,0.27,0.08,293.60,1,6,608,HA,Hawaiian Airlines Inc.,P,2025,3
845.00,1417.00,169.00,243.00,1759.00,0.19,0.02,383.19,1,6,696,DL,Delta Air Lines Inc.,L,2025,2
865.00,19540.78,6366.72,6366.72,27729.67,5.29,0.73,5536.15,1,6,694,GCA,"Global Crossing Airlines, Inc.",D,2025,3
886.50,2316.03,394.80,394.80,2710.83,0.59,0.15,438.41,2,5,556,L2,Lynden Air Cargo Airlines,I,2025,1
891.96,1421.53,588.08,588.08,2519.58,0.14,0.18,286.92,1,6,627,1BQ,"Eastern Airlines f/k/a Dynamic Airways, LLC",D,2025,2
900.00,3717.00,701.00,1925.00,6954.00,0.32,0.20,395.23,2,6,622,FX,Federal Express Corporation,L,2025,2
906.00,1844.00,376.00,531.00,2588.00,0.36,0.05,368.91,1,6,694,DL,Delta Air Lines Inc.,L,2025,1
925.94,1722.35,683.03,683.03,3274.30,0.27,0.28,432.03,1,6,626,1BQ,"Eastern Airlines f/k/a Dynamic Airways, LLC",D,2025,4
944.00,3870.00,454.00,1355.00,6502.00,0.30,0.19,377.13,2,6,622,FX,Federal Express Corporation,L,2025,1
977.67,10544.86,3621.25,3621.25,14166.12,2.39,0.17,7497.42,2,8,820,WI,Sky Lease Cargo,I,2025,3
983.84,8925.70,2324.31,2324.31,12231.78,1.86,0.28,1986.96,1,6,699,GCA,"Global Crossing Airlines, Inc.",D,2025,4
1002.15,1912.99,987.87,987.87,3642.23,0.27,0.28,444.75,1,6,626,1BQ,"Eastern Airlines f/k/a Dynamic Airways, LLC",D,2025,3
1009.71,36955.82,39600.87,49852.53,89915.62,18.74,3.59,31090.01,2,6,626,8C,Air Transport International,D,2025,2
1036.33,1856.90,832.93,832.93,3412.14,0.21,0.27,333.36,1,6,626,1BQ,"Eastern Airlines f/k/a Dynamic Airways, LLC",I,2025,2
1040.24,1707.68,1269.24,1269.24,2976.93,0.32,0.04,205.32,1,6,667,3EQ,"Scott Aviation, LLC  d/b/a  Silver Air",D,2025,3
1041.83,1738.04,597.08,597.08,3094.70,0.22,0.18,486.11,1,6,627,1BQ,"Eastern Airlines f/k/a Dynamic Airways, LLC",D,2025,4
1042.24,50672.37,59981.83,66472.64,138114.92,46.80,9.22,30453.26,1,6,631,OO,SkyWest Airlines Inc.,D,2025,3
1089.07,2030.60,184.05,277.91,2310.98,0.37,0.06,704.97,2,6,626,8C,Air Transport International,A,2025,3
1109.07,1555.12,117.85,229.87,1885.34,0.26,0.12,831.29,1,8,819,5Y,Atlas Air Inc.,D,2025,1
1110.00,4437.00,870.00,2493.00,8364.00,0.36,0.21,447.99,2,6,622,FX,Federal Express Corporation,L,2025,4
1115.00,4406.00,773.00,2145.00,8180.00,0.37,0.24,466.70,2,6,622,FX,Federal Express Corporation,L,2025,3
1117.21,1864.93,810.80,810.80,3284.20,0.23,0.18,495.81,1,6,627,1BQ,"Eastern Airlines f/k/a Dynamic Airways, LLC",D,2025,3
1152.27,3140.70,2860.70,3355.59,7044.35,0.74,0.07,2623.59,2,8,819,KAQ,Kalitta Air LLC,D,2025,3
1216.58,4713.72,1760.81,1957.64,7910.99,0.41,0.07,632.77,2,6,626,NC,Northern Air Cargo Inc.,D,2025,3
1219.93,2668.87,1970.79,2249.53,5098.67,0.40,0.17,516.21,2,6,622,5X,United Parcel Service,A,2025,2
1234.54,34253.60,42556.35,53754.67,91854.44,17.71,3.54,28821.92,2,6,626,8C,Air Transport International,D,2025,1
1242.04,1742.60,129.36,238.55,2081.87,1.07,0.37,3398.11,1,8,819,5Y,Atlas Air Inc.,I,2025,4
1252.81,2455.84,1124.71,1124.71,4424.61,0.33,0.28,555.99,1,6,626,1BQ,"Eastern Airlines f/k/a Dynamic Airways, LLC",I,2025,3
1273.53,2643.34,2028.68,2281.71,5076.54,0.38,0.14,524.63,2,6,622,5X,United Parcel Service,A,2025,4
1274.86,4134.71,714.15,1031.31,5368.91,0.29,0.08,529.58,1,6,626,X9,Omni Air International LLC,D,2025,4
1279.21,54833.06,53712.60,61029.93,135808.19,47.02,9.94,30096.55,1,6,631,OO,SkyWest Airlines Inc.,D,2025,2
1279.60,4944.02,2183.47,2415.29,8608.73,0.51,0.09,424.71,2,6,614,NC,Northern Air Cargo Inc.,D,2025,4
1281.83,4387.48,923.11,923.11,5360.27,0.67,0.28,1298.26,1,6,696,N8,National Air Cargo Group Inc d/ba National Airlines,I,2025,4
1287.63,1805.49,136.82,266.87,2188.89,0.74,0.33,2365.98,1,8,819,5Y,Atlas Air Inc.,I,2025,1
1301.75,2562.00,895.88,895.88,4597.58,0.37,0.28,607.38,1,6,626,1BQ,"Eastern Airlines f/k/a Dynamic Airways, LLC",I,2025,4
1315.00,1997.86,1160.92,1247.30,3503.15,0.39,0.03,573.47,1,6,626,UA,United Air Lines Inc.,D,2025,3
1324.41,2921.67,2155.39,2444.33,5555.93,0.41,0.17,574.53,2,6,622,5X,United Parcel Service,A,2025,3
1327.83,3746.51,1536.44,1747.36,6646.73,0.93,0.18,845.75,2,6,617,NC,Northern Air Cargo Inc.,D,2025,2
1350.17,2685.16,334.15,419.28,4966.81,0.76,0.15,701.86,1,6,614,SY,Sun Country Airlines d/b/a MN Airlines,L,2025,3
1350.72,2459.55,310.59,425.73,2926.60,0.46,0.06,704.97,2,6,626,8C,Air Transport International,A,2025,2
1360.65,36920.71,42057.77,52434.07,92682.91,19.17,3.59,31090.01,2,6,626,8C,Air Transport International,D,2025,3
1364.93,4138.10,299.09,583.38,5334.70,0.75,0.11,1148.75,1,6,626,5Y,Atlas Air Inc.,D,2025,1
1382.70,2871.28,1995.84,2250.21,5315.47,0.41,0.18,575.57,2,6,622,5X,United Parcel Service,A,2025,1
1384.00,3031.00,513.00,768.00,4139.00,0.61,0.08,612.74,1,6,694,DL,Delta Air Lines Inc.,L,2025,4
1392.15,3733.10,1425.58,1656.90,6545.85,0.90,0.19,785.29,2,6,617,NC,Northern Air Cargo Inc.,D,2025,1
1395.17,2677.63,1754.47,1891.82,5020.64,0.35,0.03,573.79,1,6,887,UA,United Air Lines Inc.,P,2025,4
1417.82,33717.59,2498.26,6039.46,41184.99,10.91,0.84,24733.31,2,6,627,5Y,Atlas Air Inc.,I,2025,2
1418.00,5560.00,1302.00,6583.00,14204.00,0.48,0.33,641.27,2,6,622,FX,Federal Express Corporation,A,2025,1
1451.61,2648.63,1009.53,1009.53,5001.99,0.18,0.18,421.81,1,6,627,1BQ,"Eastern Airlines f/k/a Dynamic Airways, LLC",D,2025,1
1452.54,3501.15,1857.85,1911.25,6284.34,0.51,0.18,533.65,2,6,619,KH,Aloha Air Cargo,D,2025,4
1488.66,2422.35,872.65,872.65,3949.90,0.26,0.18,660.66,1,6,627,1BQ,"Eastern Airlines f/k/a Dynamic Airways, LLC",I,2025,3
1531.17,2295.28,1355.97,1447.99,3969.48,0.41,0.04,633.83,1,6,626,UA,United Air Lines Inc.,D,2025,4
1543.33,2164.11,156.29,299.41,2589.68,0.36,0.10,1186.22,1,8,819,5Y,Atlas Air Inc.,D,2025,2
1561.44,7865.89,6051.61,6051.61,16559.33,0.64,0.66,500.67,2,5,556,L2,Lynden Air Cargo Airlines,D,2025,1
1616.62,3409.42,862.26,1263.79,4956.27,0.40,0.04,678.26,1,6,887,AA,American Airlines Inc.,P,2025,4
1643.78,2347.41,1910.70,1981.49,4665.08,0.29,0.02,737.58,1,6,887,UA,United Air Lines Inc.,D,2025,2
1668.97,4874.46,1923.20,1969.27,7003.29,2.19,0.45,511.49,1,4,442,3M,Silver Airways,D,2025,1
1686.00,2828.00,406.00,572.00,3630.00,0.39,0.03,686.15,1,6,339,DL,Delta Air Lines Inc.,D,2025,1
1722.22,4346.55,300.04,626.78,5508.21,0.55,0.08,858.47,1,6,626,5Y,Atlas Air Inc.,D,2025,3
1738.62,4151.51,2076.01,2126.30,7226.01,0.54,0.25,677.71,2,6,619,KH,Aloha Air Cargo,D,2025,3
1765.66,6132.74,3796.97,3796.97,10158.98,0.26,0.21,665.99,1,6,696,N8,National Air Cargo Group Inc d/ba National Airlines,D,2025,2
1778.39,3520.90,377.28,476.22,4074.05,0.39,0.07,582.69,2,6,626,8C,Air Transport International,A,2025,1
1785.13,2963.06,626.44,892.57,4041.66,0.31,0.03,777.27,1,6,637,AA,American Airlines Inc.,D,2025,3
1790.08,4974.07,381.84,731.50,6567.56,0.59,0.09,909.63,1,6,626,5Y,Atlas Air Inc.,D,2025,2
1792.74,3021.30,867.99,867.99,5044.72,0.18,0.18,520.94,1,6,627,1BQ,"Eastern Airlines f/k/a Dynamic Airways, LLC",I,2025,1
1825.89,3787.95,655.65,763.67,6837.84,1.23,0.22,1069.73,1,6,614,SY,Sun Country Airlines d/b/a MN Airlines,L,2025,2
1857.84,19162.12,5899.80,5899.80,26431.95,4.05,0.61,4290.76,1,6,694,GCA,"Global Crossing Airlines, Inc.",D,2025,2
1899.00,8030.00,3150.00,7186.00,15583.00,0.31,0.14,820.79,2,7,740,FX,Federal Express Corporation,A,2025,4
1900.78,4581.58,2431.17,2501.05,8223.65,0.67,0.24,714.74,2,6,617,KH,Aloha Air Cargo,D,2025,4
1910.43,2785.53,1223.02,1315.21,4439.72,0.45,0.04,864.00,1,6,626,UA,United Air Lines Inc.,D,2025,2
1918.00,2983.00,397.00,555.00,3751.00,0.39,0.03,857.11,1,6,359,DL,Delta Air Lines Inc.,D,2025,3
1918.81,11841.38,2947.93,2947.93,14789.31,2.56,0.15,7924.38,2,8,820,WI,Sky Lease Cargo,I,2025,4
1999.00,3889.00,1586.00,2011.00,6230.00,0.93,0.17,805.00,2,6,612,AS,Alaska Airlines Inc.,D,2025,4
2003.70,4414.00,363.09,571.92,5083.65,1.01,0.27,821.29,1,6,748,MX,Breeze Aviation Group DBA  Breeze,D,2025,1
2032.88,4780.84,2675.18,2747.40,8357.52,0.68,0.27,913.87,2,6,617,KH,Aloha Air Cargo,D,2025,2
2036.16,8212.75,5741.81,5741.81,16587.54,0.88,0.75,673.53,2,5,556,L2,Lynden Air Cargo Airlines,D,2025,2
2037.20,3255.41,606.87,874.92,4327.10,0.35,0.03,928.25,1,6,637,AA,American Airlines Inc.,D,2025,2
2053.31,18663.70,4850.91,4850.91,25647.01,3.88,0.73,4128.01,1,6,694,GCA,"Global Crossing Airlines, Inc.",D,2025,4
2069.45,19373.75,32471.35,35526.08,56355.02,16.70,4.46,11694.29,1,6,638,OO,SkyWest Airlines Inc.,D,2025,3
2086.61,4907.20,2745.89,2820.02,8578.42,0.70,0.24,686.69,2,6,619,KH,Aloha Air Cargo,D,2025,2
2122.00,3355.00,429.00,618.00,4224.00,0.48,0.04,962.53,1,6,696,DL,Delta Air Lines Inc.,D,2025,2
2135.65,5099.55,2550.09,2611.86,8876.15,0.67,0.25,832.49,2,6,617,KH,Aloha Air Cargo,D,2025,3
2163.73,8360.06,3692.13,4084.12,14556.89,0.86,0.19,757.33,2,6,617,NC,Northern Air Cargo Inc.,D,2025,4
2192.39,3587.76,991.92,991.92,5841.57,0.42,0.18,1022.94,1,6,627,1BQ,"Eastern Airlines f/k/a Dynamic Airways, LLC",I,2025,4
2193.00,4282.00,1847.00,2291.00,7080.00,0.97,0.13,870.00,2,6,614,AS,Alaska Airlines Inc.,D,2025,1
2198.99,4383.93,1133.32,1644.28,6393.54,0.95,0.14,913.87,1,6,694,AA,American Airlines Inc.,L,2025,1
2211.07,4837.20,3571.98,4077.17,9241.12,0.78,0.30,1240.62,2,6,622,5X,United Parcel Service,L,2025,2
2228.00,3790.00,455.00,681.00,4774.00,0.54,0.04,986.02,1,6,339,DL,Delta Air Lines Inc.,D,2025,4
2235.14,3863.06,330.09,410.55,5139.22,0.93,0.18,841.53,1,6,612,SY,Sun Country Airlines d/b/a MN Airlines,D,2025,4
2251.08,3479.08,1246.37,1246.37,5806.28,0.32,0.18,724.11,1,6,627,1BQ,"Eastern Airlines f/k/a Dynamic Airways, LLC",I,2025,2
2256.00,4069.00,1485.00,1854.00,6367.00,0.72,0.09,728.00,1,6,634,AS,Alaska Airlines Inc.,D,2025,3
2284.91,5016.51,2651.34,2769.33,8608.37,0.76,0.28,744.51,2,6,619,KH,Aloha Air Cargo,D,2025,1
2294.65,7161.94,99.56,99.56,7624.86,0.33,0.18,641.16,1,6,696,N8,National Air Cargo Group Inc d/ba National Airlines,I,2025,1
2324.15,5102.65,2696.87,2816.89,8756.20,0.77,0.32,792.46,2,6,617,KH,Aloha Air Cargo,D,2025,1
2324.28,3542.85,1978.30,1978.30,5521.15,1.23,0.20,1044.58,1,6,655,WL,"Caribbean Sun Airlines, Inc. d/b/a World Atlantic Airlines",I,2025,2
2359.00,4364.00,756.00,1089.00,5897.00,0.85,0.11,1069.75,1,6,622,DL,Delta Air Lines Inc.,A,2025,2
2373.00,4420.00,2055.00,2528.00,7392.00,1.18,0.22,1015.00,2,6,612,AS,Alaska Airlines Inc.,D,2025,2
2385.14,6918.49,605.02,1115.74,9101.80,0.33,0.09,509.16,1,6,626,5Y,Atlas Air Inc.,D,2025,4
2407.52,6131.07,509.71,892.37,7101.53,2.11,0.15,1045.58,1,6,699,F9,Frontier Airlines Inc.,L,2025,4
2437.18,8078.80,3855.19,3855.19,14516.15,1.14,0.76,888.69,2,5,556,L2,Lynden Air Cargo Airlines,D,2025,3
2476.00,4111.00,536.00,750.00,5150.00,0.55,0.04,1106.71,1,6,696,DL,Delta Air Lines Inc.,L,2025,3
2570.76,8023.73,111.54,111.54,8542.36,0.36,0.18,771.19,1,6,696,N8,National Air Cargo Group Inc d/ba National Airlines,D,2025,1
2605.34,13631.57,2558.74,2558.74,16855.41,1.89,0.63,2110.44,1,6,699,GCA,"Global Crossing Airlines, Inc.",S,2025,1
2606.00,4926.00,962.00,1201.00,6652.00,1.23,0.13,1079.00,1,6,838,AS,Alaska Airlines Inc.,L,2025,3
2608.48,4445.55,1301.97,1537.92,6765.52,0.94,0.10,1077.26,1,6,626,UA,United Air Lines Inc.,D,2025,1
2620.43,45221.59,155.15,200.24,45421.83,1.42,0.09,715.14,2,8,819,PO,Polar Air Cargo Airways,D,2025,2
2646.02,5941.75,1169.73,1326.23,9545.86,1.93,0.36,1659.17,1,6,614,SY,Sun Country Airlines d/b/a MN Airlines,L,2025,4
2686.31,9330.49,5776.79,5776.79,15456.08,0.40,0.21,570.00,1,6,696,N8,National Air Cargo Group Inc d/ba National Airlines,I,2025,2
2699.00,5100.00,1713.00,2139.00,7774.00,1.23,0.14,1108.00,2,6,614,AS,Alaska Airlines Inc.,D,2025,3
2771.00,5315.00,1541.00,1896.00,7761.00,1.35,0.14,1200.00,2,6,614,AS,Alaska Airlines Inc.,D,2025,2
2772.73,10743.16,4013.10,4461.71,18030.14,0.94,0.18,859.49,2,6,617,NC,Northern Air Cargo Inc.,D,2025,3
2788.86,4327.22,1934.43,1934.43,6300.80,1.28,0.24,1221.33,1,6,655,WL,"Caribbean Sun Airlines, Inc. d/b/a World Atlantic Airlines",I,2025,4
2817.72,4403.84,1874.09,1874.09,6443.16,1.31,0.23,1253.82,1,6,655,WL,"Caribbean Sun Airlines, Inc. d/b/a World Atlantic Airlines",I,2025,3
2858.87,5960.64,455.79,804.71,7275.65,1.64,0.12,1142.45,1,6,838,UA,United Air Lines Inc.,A,2025,3
2864.82,4017.15,290.12,555.78,4807.12,1.15,0.36,3756.35,1,8,819,5Y,Atlas Air Inc.,I,2025,2
2880.38,5609.23,2450.18,2450.18,8116.14,0.43,0.24,802.11,1,6,696,N8,National Air Cargo Group Inc d/ba National Airlines,I,2025,3
2907.62,6414.24,4731.94,5366.29,12197.50,0.99,0.38,1242.05,2,6,622,5X,United Parcel Service,L,2025,3
2918.00,4557.00,563.00,811.00,5699.00,0.62,0.05,1323.28,1,6,359,DL,Delta Air Lines Inc.,D,2025,2
2931.63,6087.76,4231.63,4770.95,11269.99,0.91,0.38,1192.57,2,6,622,5X,United Parcel Service,L,2025,1
2941.79,4814.23,4543.09,4881.05,10787.54,0.85,0.08,1229.15,1,6,887,UA,United Air Lines Inc.,D,2025,4
2948.00,5828.00,1485.00,1884.00,8319.00,1.33,0.16,1195.00,2,6,614,AS,Alaska Airlines Inc.,D,2025,4
2950.75,12188.98,996.36,1943.40,14914.20,0.60,0.17,873.94,2,6,626,5Y,Atlas Air Inc.,D,2025,1
2958.90,7535.24,626.44,1096.74,8727.97,1.36,0.27,1578.62,1,6,722,F9,Frontier Airlines Inc.,L,2025,4
2962.81,6479.39,1408.24,1914.84,9780.43,1.71,0.21,1222.44,1,6,698,UA,United Air Lines Inc.,L,2025,1
2965.59,8367.47,3431.49,3902.57,14844.84,2.09,0.33,3721.08,2,6,626,NC,Northern Air Cargo Inc.,D,2025,2
2969.79,8713.68,2878.92,2878.92,14222.02,1.30,0.81,1040.86,2,5,556,L2,Lynden Air Cargo Airlines,D,2025,4
2999.00,5770.00,1753.00,2175.00,8513.00,1.39,0.26,1199.00,2,6,612,AS,Alaska Airlines Inc.,D,2025,1
3053.28,6910.46,456.90,881.18,7918.49,1.44,0.14,1354.93,1,6,699,F9,Frontier Airlines Inc.,L,2025,1
3072.57,4293.74,253.80,530.19,5063.73,0.45,0.09,1310.47,1,8,819,5Y,Atlas Air Inc.,D,2025,3
3128.00,6906.00,1019.00,1412.00,8828.00,2.02,0.18,1329.36,1,6,614,WN,Southwest Airlines Co.,L,2025,4
3147.31,6532.57,5013.54,5638.86,12545.80,1.02,0.34,1272.95,2,6,622,5X,United Parcel Service,L,2025,4
3151.42,6245.30,1500.33,1833.67,9198.09,1.27,0.18,1236.34,1,6,724,B6,JetBlue Airways,L,2025,1
3162.00,5944.00,1162.00,1450.00,7837.00,1.52,0.24,1304.00,2,6,612,AS,Alaska Airlines Inc.,D,2025,3
3195.06,9140.47,1334.73,1955.46,11483.42,0.75,0.16,1199.60,1,6,625,X9,Omni Air International LLC,I,2025,4
3228.49,5903.16,2405.74,2802.02,9343.99,1.44,0.14,1426.86,1,6,622,UA,United Air Lines Inc.,L,2025,2
3249.33,6623.40,1695.92,2470.49,9624.22,1.47,0.23,1386.21,1,6,694,AA,American Airlines Inc.,L,2025,4
3280.88,7033.02,1916.24,2791.72,10447.74,0.84,0.08,1368.85,1,6,889,AA,American Airlines Inc.,D,2025,1
3299.38,5894.33,2306.42,2708.69,9265.14,1.28,0.14,1340.63,1,6,622,UA,United Air Lines Inc.,L,2025,1
3337.75,7508.66,1955.99,1955.99,9464.65,1.53,0.25,1434.70,1,6,655,WL,"Caribbean Sun Airlines, Inc. d/b/a World Atlantic Airlines",I,2025,1
3338.00,6433.00,1373.00,1689.00,8834.00,1.68,0.17,1461.00,1,6,838,AS,Alaska Airlines Inc.,L,2025,2
3347.35,58037.56,198.19,255.79,58293.35,4.05,0.27,2045.36,2,8,819,PO,Polar Air Cargo Airways,P,2025,2
3350.82,10759.37,1987.48,2417.22,13611.49,0.69,0.25,1070.85,1,6,625,X9,Omni Air International LLC,I,2025,1
3366.60,8208.88,519.21,1103.35,9420.08,1.62,0.18,1505.95,1,6,699,F9,Frontier Airlines Inc.,L,2025,3
3380.05,9063.72,3461.22,4022.85,15892.89,2.17,0.35,3814.14,2,6,626,NC,Northern Air Cargo Inc.,D,2025,1
3499.61,23749.40,26358.42,29616.17,54773.43,16.38,4.37,11437.08,1,6,638,OO,SkyWest Airlines Inc.,D,2025,4
3508.66,4922.72,365.42,673.88,5881.12,0.32,0.09,1015.02,1,8,819,5Y,Atlas Air Inc.,D,2025,4
3533.00,5596.00,639.00,956.00,6976.00,0.74,0.06,1563.76,1,6,359,DL,Delta Air Lines Inc.,D,2025,4
3570.26,7865.02,646.96,1019.07,9058.23,1.81,0.90,1356.22,1,6,678,MX,Breeze Aviation Group DBA  Breeze,D,2025,1
3595.00,6337.00,864.00,1245.00,8090.00,0.98,0.08,1630.34,1,6,626,DL,Delta Air Lines Inc.,L,2025,2
3605.49,7167.09,1806.73,2606.07,10363.75,1.69,0.23,1638.12,1,6,694,AA,American Airlines Inc.,L,2025,2
3722.56,6697.23,1461.83,2134.32,9296.18,0.74,0.06,1583.63,1,6,889,AA,American Airlines Inc.,D,2025,4
3731.93,9099.69,575.56,1223.09,10442.32,1.70,0.19,1212.14,1,6,721,F9,Frontier Airlines Inc.,L,2025,3
3798.67,15691.58,1282.68,2501.85,19199.92,1.71,0.47,2487.38,2,6,626,5Y,Atlas Air Inc.,I,2025,1
3815.52,7618.77,1757.77,2333.48,11894.05,2.16,0.29,1577.22,1,6,698,UA,United Air Lines Inc.,L,2025,4
3824.41,5344.39,315.90,659.93,6302.79,1.45,0.37,4646.22,1,8,819,5Y,Atlas Air Inc.,I,2025,3
3830.00,6991.00,1331.00,1861.00,9569.00,1.36,0.17,1711.41,1,6,622,DL,Delta Air Lines Inc.,A,2025,3
3877.85,6608.74,1456.38,2072.80,9110.67,0.74,0.06,1686.85,1,6,889,AA,American Airlines Inc.,D,2025,3
3916.80,8864.85,586.12,1130.39,10157.97,2.28,0.25,1641.67,1,6,722,F9,Frontier Airlines Inc.,L,2025,1
3959.33,10082.95,838.25,1467.56,11678.95,2.11,0.21,1252.63,1,6,721,F9,Frontier Airlines Inc.,L,2025,4
3960.54,6911.02,1462.99,2122.16,9490.11,0.63,0.06,1677.02,1,6,637,AA,American Airlines Inc.,D,2025,4
3992.04,11845.35,2435.53,3500.97,15785.24,0.87,0.24,1401.06,1,6,625,X9,Omni Air International LLC,I,2025,2
3993.07,10047.27,1864.35,2662.92,13073.50,0.83,0.18,1324.75,1,6,625,X9,Omni Air International LLC,I,2025,3
4098.00,7350.00,820.00,1227.00,9121.00,0.97,0.10,1813.86,1,6,624,DL,Delta Air Lines Inc.,L,2025,4
4102.09,10111.26,609.50,1192.35,11457.95,2.01,0.20,1945.14,1,6,699,F9,Frontier Airlines Inc.,L,2025,2
4130.17,5941.12,1945.81,2163.35,8728.55,0.98,0.08,1746.10,1,6,624,UA,United Air Lines Inc.,D,2025,3
4143.00,8119.00,1662.00,2061.00,11082.00,1.91,0.22,1659.00,1,6,838,AS,Alaska Airlines Inc.,L,2025,1
4150.82,9089.23,2551.60,3235.35,14266.99,2.61,0.32,1878.22,1,6,698,UA,United Air Lines Inc.,L,2025,2
4194.48,10185.95,1381.39,1381.39,12305.85,2.02,0.30,2012.60,1,6,699,NK,Spirit Air Lines,L,2025,1
4258.76,7031.50,1415.08,2055.21,9544.98,0.67,0.07,1770.01,1,6,637,AA,American Airlines Inc.,D,2025,1
4363.00,7007.00,831.00,1243.00,8800.00,0.98,0.09,1931.29,1,6,696,DL,Delta Air Lines Inc.,D,2025,4
4395.17,12065.73,5440.44,6401.91,19752.46,1.21,0.27,1652.75,1,6,622,8C,Air Transport International,A,2025,4
4414.00,8222.00,2401.00,2549.00,11476.00,1.37,0.14,2443.69,1,6,837,HA,Hawaiian Airlines Inc.,P,2025,4
4432.00,7812.00,1149.00,1607.00,10037.00,1.17,0.09,1980.47,1,6,626,DL,Delta Air Lines Inc.,L,2025,3
4441.57,11318.74,5169.93,6336.24,18079.07,1.08,0.27,1368.30,1,6,622,8C,Air Transport International,A,2025,1
4443.00,8825.00,1596.00,2025.00,11789.00,2.08,0.23,1806.00,1,6,838,AS,Alaska Airlines Inc.,L,2025,4
4462.12,15273.10,3213.40,3213.40,18659.43,0.34,0.28,732.69,1,6,696,N8,National Air Cargo Group Inc d/ba National Airlines,D,2025,4
4488.34,23483.78,4408.06,4408.06,29037.66,3.32,0.83,3554.97,1,6,694,GCA,"Global Crossing Airlines, Inc.",S,2025,1
4503.99,11155.67,1364.50,1364.50,13257.41,2.31,0.35,2421.46,1,6,699,NK,Spirit Air Lines,L,2025,2
4542.00,9386.00,-984.00,-1220.00,9835.00,2.64,0.23,1819.00,1,6,838,AS,Alaska Airlines Inc.,D,2025,1
4655.73,9066.51,3960.36,3960.36,13118.57,0.69,0.24,1431.60,1,6,696,N8,National Air Cargo Group Inc d/ba National Airlines,D,2025,3
4659.30,11540.35,1411.55,1411.55,13714.56,2.39,0.37,2079.25,1,6,721,NK,Spirit Air Lines,L,2025,2
4700.76,9643.23,14940.11,15688.35,26889.02,2.78,0.35,1849.98,1,6,612,UA,United Air Lines Inc.,L,2025,4
4722.01,25966.61,50.42,67.31,26033.92,1.40,0.09,2870.58,2,8,821,PO,Polar Air Cargo Airways,D,2025,1
4763.70,11933.71,1588.45,1588.45,14271.58,2.34,0.38,2437.15,1,6,699,NK,Spirit Air Lines,L,2025,3
4779.40,10738.22,878.39,1382.01,12489.31,2.64,0.91,2106.15,1,6,678,MX,Breeze Aviation Group DBA  Breeze,D,2025,2
4810.61,45665.16,12499.12,17203.01,65303.92,8.66,0.73,22369.51,2,6,683,KAQ,Kalitta Air LLC,I,2025,2
4849.67,12307.32,4770.43,5934.95,19175.71,1.28,0.27,1652.75,1,6,622,8C,Air Transport International,A,2025,2
4881.54,9697.97,7846.67,8567.79,19750.45,2.80,0.32,2005.82,1,6,612,UA,United Air Lines Inc.,L,2025,3
4954.07,10440.74,1003.84,1966.72,12920.54,2.52,0.74,1960.82,1,6,678,MX,Breeze Aviation Group DBA  Breeze,D,2025,4
4968.08,21788.75,2244.89,4139.85,26453.78,2.39,0.32,3354.29,2,6,626,5Y,Atlas Air Inc.,I,2025,4
4973.43,7989.64,3154.37,3480.13,12354.06,1.52,0.12,2158.39,1,6,624,UA,United Air Lines Inc.,D,2025,2
4973.79,10053.53,2163.48,2891.86,15043.62,2.82,0.34,2136.94,1,6,698,UA,United Air Lines Inc.,L,2025,3
5004.79,11361.78,988.62,1700.48,13501.84,2.55,0.85,2048.09,1,6,678,MX,Breeze Aviation Group DBA  Breeze,D,2025,3
5014.00,9480.00,1851.00,2310.00,12801.00,2.37,0.25,2076.00,1,6,614,AS,Alaska Airlines Inc.,L,2025,3
5024.45,10610.55,13055.87,13875.43,26126.54,3.13,0.36,2109.03,1,6,612,UA,United Air Lines Inc.,L,2025,2
5079.17,12724.02,1693.65,1693.65,15216.72,2.50,0.41,2197.42,1,6,721,NK,Spirit Air Lines,L,2025,3
5152.00,9264.00,1333.00,1864.00,11847.00,1.36,0.11,2302.18,1,6,626,DL,Delta Air Lines Inc.,P,2025,3
5193.00,9747.00,1173.00,1755.00,12282.00,1.38,0.14,2298.82,1,6,626,DL,Delta Air Lines Inc.,P,2025,4
5204.05,18960.51,1572.76,3285.53,22641.93,2.12,0.31,2368.00,2,6,626,5Y,Atlas Air Inc.,I,2025,3
5223.79,15152.48,1325.09,2443.62,19934.23,1.33,0.35,2036.64,1,6,626,5Y,Atlas Air Inc.,I,2025,4
5324.00,10574.00,1912.00,2426.00,14126.00,2.50,0.28,2164.00,1,6,614,AS,Alaska Airlines Inc.,L,2025,4
5326.26,13285.39,1917.84,1917.84,16305.44,2.56,0.40,2582.43,1,6,699,NK,Spirit Air Lines,L,2025,4
5387.21,12451.86,5690.15,6788.60,20331.26,1.27,0.27,1652.75,1,6,622,8C,Air Transport International,A,2025,3
5428.54,13380.83,806.58,1577.91,15162.99,2.49,0.25,1967.34,1,6,721,F9,Frontier Airlines Inc.,L,2025,2
5494.00,11256.00,1995.00,2454.00,15220.00,2.28,0.29,2188.00,1,6,634,AS,Alaska Airlines Inc.,D,2025,2
5567.34,13575.02,858.62,1824.62,15577.98,3.36,0.46,2489.18,1,6,722,F9,Frontier Airlines Inc.,L,2025,3
5601.65,8292.85,569.20,569.20,8047.55,0.54,1.66,1310.10,2,7,740,KD,Western Global,I,2025,4
5640.00,12417.00,1801.00,2494.00,15949.00,2.85,0.33,2460.70,1,6,614,WN,Southwest Airlines Co.,L,2025,3
5688.66,11551.06,2877.15,4186.02,16699.17,1.37,0.12,2558.31,1,6,889,AA,American Airlines Inc.,D,2025,2
5691.72,9707.06,3083.18,3696.72,14356.09,2.17,0.21,2435.88,1,6,622,UA,United Air Lines Inc.,L,2025,4
5711.63,13870.23,1881.05,1881.05,16756.90,2.75,0.40,2356.25,1,6,721,NK,Spirit Air Lines,L,2025,1
5740.53,14318.70,2067.01,2067.01,17573.65,2.76,0.43,2387.59,1,6,721,NK,Spirit Air Lines,L,2025,4
5743.77,12361.47,9884.35,10240.88,24796.10,1.62,0.17,2287.11,1,6,887,UA,United Air Lines Inc.,P,2025,1
5789.00,11344.24,2983.90,4253.20,16485.48,2.55,0.39,2519.14,1,6,694,AA,American Airlines Inc.,L,2025,3
5828.00,11736.00,-754.00,-927.00,13358.00,3.58,0.34,2542.00,1,6,838,AS,Alaska Airlines Inc.,D,2025,2
5888.61,9563.24,9595.67,9934.95,21565.43,1.59,0.17,2362.31,1,6,887,UA,United Air Lines Inc.,D,2025,1
5949.61,14448.16,1959.42,1959.42,17455.10,2.87,0.42,2582.54,1,6,694,NK,Spirit Air Lines,L,2025,1
6005.32,14874.23,1819.34,1819.34,17676.55,3.08,0.47,2746.03,1,6,694,NK,Spirit Air Lines,L,2025,2
6033.01,12319.49,2102.43,2102.43,14538.41,0.69,0.83,2721.63,2,8,819,N8,National Air Cargo Group Inc d/ba National Airlines,D,2025,3
6122.71,13857.48,916.22,1767.01,15878.87,2.74,0.28,2272.37,1,6,721,F9,Frontier Airlines Inc.,L,2025,1
6124.28,16431.56,1486.35,2675.14,19729.69,3.33,0.52,3134.29,1,6,694,F9,Frontier Airlines Inc.,D,2025,4
6132.00,11595.00,2264.00,2826.00,15656.00,2.90,0.30,2539.00,1,6,888,AS,Alaska Airlines Inc.,L,2025,3
6168.00,13171.00,2818.00,3940.00,18628.00,2.88,0.42,2756.49,1,6,698,DL,Delta Air Lines Inc.,L,2025,3
6235.00,13596.00,2651.00,3819.00,18976.00,2.99,0.43,2827.69,1,6,698,DL,Delta Air Lines Inc.,L,2025,2
6237.55,16181.70,2627.43,3601.41,20429.19,1.05,0.26,2473.28,1,6,627,X9,Omni Air International LLC,I,2025,4
6251.20,15408.61,928.82,1817.03,17460.83,3.84,0.48,2998.01,1,6,722,F9,Frontier Airlines Inc.,L,2025,2
6291.00,14279.00,2500.00,3741.00,19682.00,2.95,0.42,2784.56,1,6,698,DL,Delta Air Lines Inc.,L,2025,4
6358.31,16757.99,1206.16,2323.03,19612.66,3.72,0.51,3544.59,1,6,694,F9,Frontier Airlines Inc.,D,2025,2
6364.00,14170.00,2120.00,2900.00,18416.00,3.18,0.38,2665.78,1,6,614,WN,Southwest Airlines Co.,L,2025,1
6487.00,10913.43,1481.68,1481.68,16085.24,0.93,1.24,2371.40,2,7,740,KD,Western Global,I,2025,1
6487.00,11576.22,1782.17,1782.17,16257.68,1.05,1.51,2441.93,2,7,740,KD,Western Global,I,2025,2
6586.77,45324.70,12939.38,17784.18,65422.89,8.31,0.45,20970.32,2,6,683,KAQ,Kalitta Air LLC,I,2025,1
6587.52,11010.35,3378.07,4064.25,16056.22,2.47,0.21,2801.93,1,6,622,UA,United Air Lines Inc.,L,2025,3
6750.53,14445.82,3326.71,4171.30,21146.70,2.87,0.42,2748.46,1,6,724,B6,JetBlue Airways,L,2025,4
6776.90,12199.24,4876.61,6214.97,19788.22,2.68,0.29,2815.93,1,6,622,UA,United Air Lines Inc.,A,2025,1
6886.29,23393.53,2435.62,4300.81,29806.71,7.53,0.95,2701.57,1,6,721,B6,JetBlue Airways,A,2025,1
6926.94,17605.78,1413.17,2801.66,21048.61,3.75,0.57,3589.38,1,6,694,F9,Frontier Airlines Inc.,D,2025,3
6928.77,13118.26,1757.81,2029.48,18973.71,3.99,0.59,3573.37,1,6,614,SY,Sun Country Airlines d/b/a MN Airlines,L,2025,1
6955.00,12670.00,1673.00,2410.00,16064.00,1.89,0.16,3154.46,1,6,626,DL,Delta Air Lines Inc.,P,2025,2
7095.91,17831.86,7068.26,7068.26,24900.12,2.05,0.20,2115.96,2,6,626,M6,Amerijet International,D,2025,3
7108.00,12093.00,1622.00,2288.00,15299.00,1.55,0.13,2893.37,1,6,624,DL,Delta Air Lines Inc.,L,2025,1
7113.00,12452.00,1815.00,2561.00,16040.00,1.74,0.20,2895.22,1,6,626,DL,Delta Air Lines Inc.,L,2025,1
7124.71,11660.27,3614.98,4084.55,16822.42,1.69,0.14,3032.52,1,6,624,UA,United Air Lines Inc.,L,2025,3
7229.12,10987.08,1283.97,1694.12,14377.63,1.71,0.12,3140.54,1,6,837,UA,United Air Lines Inc.,D,2025,3
7234.00,13940.00,2974.00,3659.00,19142.00,3.65,0.38,3165.00,1,6,614,AS,Alaska Airlines Inc.,L,2025,2
7247.00,13500.00,3942.00,4186.00,18843.00,2.26,0.23,4012.31,1,6,837,HA,Hawaiian Airlines Inc.,D,2025,4
7300.00,13599.00,1140.00,2399.00,20310.00,1.85,0.56,3181.28,2,6,626,FX,Federal Express Corporation,A,2025,3
7310.15,13238.09,2540.93,3297.90,18965.58,1.18,0.09,3029.40,1,6,637,UA,United Air Lines Inc.,D,2025,1
7319.98,17263.18,7200.24,7200.24,24463.42,3.14,0.67,3017.67,2,6,626,M6,Amerijet International,D,2025,2
7325.12,12060.99,4078.81,5209.98,18362.01,1.71,0.14,3010.70,1,6,624,UA,United Air Lines Inc.,L,2025,4
7333.45,10884.74,2727.10,3129.87,15157.47,1.79,0.15,3099.23,1,6,624,UA,United Air Lines Inc.,D,2025,4
7363.19,17069.49,6377.72,6377.72,23447.21,3.26,0.26,2386.18,2,6,626,M6,Amerijet International,D,2025,4
7386.00,11878.00,1612.00,2323.00,15150.00,1.82,0.13,3349.70,1,6,339,DL,Delta Air Lines Inc.,D,2025,2
7402.32,12704.17,1373.67,1373.67,17058.91,1.13,1.53,2770.50,2,7,740,KD,Western Global,I,2025,3
7408.00,14006.00,2735.00,3414.00,18912.00,3.50,0.37,3066.00,1,6,839,AS,Alaska Airlines Inc.,L,2025,3
7447.74,30287.84,6856.02,7979.19,40323.11,3.20,0.60,3077.58,1,6,678,B6,JetBlue Airways,D,2025,3
7472.94,11770.00,3284.10,3717.77,16386.23,1.55,0.12,3269.81,1,6,624,UA,United Air Lines Inc.,L,2025,2
7513.50,13404.88,1527.56,2172.13,17727.05,1.84,0.15,2919.93,1,6,837,UA,United Air Lines Inc.,L,2025,1
7575.00,12965.00,1363.00,2040.00,15911.00,1.61,0.13,3352.91,1,6,359,DL,Delta Air Lines Inc.,L,2025,4
7591.05,18343.00,1379.86,2749.58,21647.12,4.14,0.56,3859.47,1,6,694,F9,Frontier Airlines Inc.,D,2025,1
7591.71,14898.57,2395.80,2395.80,21662.90,1.65,0.34,5895.79,2,8,820,KD,Western Global,I,2025,3
7610.99,14689.91,3352.90,4149.37,21475.25,3.27,0.43,3251.17,1,6,724,B6,JetBlue Airways,L,2025,2
7616.19,17400.32,1489.52,2530.68,23458.76,1.90,0.01,3292.59,1,6,837,HA,Hawaiian Airlines Inc.,D,2025,1
7742.32,12646.01,1310.24,1812.98,15984.20,1.76,0.12,3421.65,1,6,889,UA,United Air Lines Inc.,L,2025,2
7758.00,13914.00,1753.00,2623.00,17702.00,2.07,0.20,3434.24,1,6,626,DL,Delta Air Lines Inc.,L,2025,4
7760.76,16678.38,9384.40,10786.63,27833.58,6.91,2.35,2267.25,1,6,530,OO,SkyWest Airlines Inc.,D,2025,1
7844.00,16662.00,3548.00,5006.00,23677.00,3.39,0.52,3192.92,1,6,698,DL,Delta Air Lines Inc.,L,2025,1
7861.57,13212.82,1598.96,2188.91,17037.26,1.75,0.13,3189.23,1,6,889,UA,United Air Lines Inc.,L,2025,1
7888.00,17422.00,2569.00,3560.00,22379.00,5.09,0.46,3352.76,1,6,838,WN,Southwest Airlines Co.,L,2025,4
7918.00,34030.00,14285.00,27184.00,62812.00,1.36,0.63,3506.85,2,7,740,FX,Federal Express Corporation,P,2025,4
8028.97,13069.38,1615.78,2141.48,16761.48,1.81,0.12,3322.49,1,6,889,UA,United Air Lines Inc.,L,2025,4
8107.11,13706.56,2004.57,2556.92,18293.95,1.89,0.14,3498.42,1,6,837,UA,United Air Lines Inc.,L,2025,2
8221.00,14376.00,2100.00,2963.00,18527.00,2.01,0.23,3346.61,1,6,626,DL,Delta Air Lines Inc.,P,2025,1
8240.00,13417.00,1706.00,2386.00,16722.00,1.74,0.13,3682.35,1,6,687,DL,Delta Air Lines Inc.,D,2025,3
8250.36,15426.77,3528.65,5123.34,21719.82,2.05,0.18,3726.61,1,6,887,AA,American Airlines Inc.,D,2025,2
8256.84,19506.00,7719.99,7719.99,27225.99,4.26,0.33,3050.34,2,6,626,M6,Amerijet International,D,2025,1
8280.86,19368.64,7557.36,9354.50,29234.33,10.36,2.87,6804.10,1,6,530,OO,SkyWest Airlines Inc.,D,2025,2
8288.00,16242.00,3324.00,4123.00,22170.00,3.82,0.44,3318.00,1,6,614,AS,Alaska Airlines Inc.,L,2025,1
8354.00,16106.00,1209.00,5550.00,26688.00,2.23,0.63,3782.67,2,6,626,FX,Federal Express Corporation,A,2025,2
8420.00,17762.00,2884.00,4315.00,23994.00,3.40,0.39,3727.04,1,6,699,DL,Delta Air Lines Inc.,L,2025,4
8420.02,17712.73,17337.77,18750.61,38990.99,4.77,0.55,3197.69,1,6,612,UA,United Air Lines Inc.,L,2025,1
8450.12,24202.89,1889.15,3619.09,29505.31,1.62,0.37,2400.10,2,6,626,5Y,Atlas Air Inc.,I,2025,2
8464.80,13621.13,4940.51,5456.73,21511.96,2.23,0.17,3809.12,1,6,837,UA,United Air Lines Inc.,D,2025,2
8493.02,14333.83,3386.15,4618.92,20443.81,2.22,0.19,3616.16,1,6,626,UA,United Air Lines Inc.,L,2025,3
8499.00,16286.49,962.88,1511.37,20927.58,4.25,0.51,3259.58,1,6,838,G4,Allegiant Air,D,2025,1
8519.63,13334.42,1369.79,1881.59,16719.77,1.81,0.11,3634.06,1,6,889,UA,United Air Lines Inc.,L,2025,3
8537.00,16084.00,2000.00,2797.00,19958.00,2.04,0.15,3815.27,1,6,339,DL,Delta Air Lines Inc.,P,2025,3
8539.00,16456.00,3511.00,4319.00,22596.00,4.31,0.44,3736.00,1,6,888,AS,Alaska Airlines Inc.,L,2025,2
8549.41,21417.46,2850.80,2850.80,25613.24,4.20,0.69,3825.24,1,6,694,NK,Spirit Air Lines,L,2025,3
8625.00,16735.00,1759.00,2632.00,20537.00,2.08,0.16,3817.96,1,6,339,DL,Delta Air Lines Inc.,P,2025,4
8638.00,13089.00,1785.00,2518.00,16618.00,1.69,0.14,3516.23,1,6,359,DL,Delta Air Lines Inc.,D,2025,1
8684.96,30519.44,4868.47,6250.54,38108.15,1.65,0.75,2844.71,1,6,626,X9,Omni Air International LLC,I,2025,1
8771.99,14264.74,1515.38,2064.19,18194.05,1.88,0.13,3656.69,1,6,837,UA,United Air Lines Inc.,L,2025,3
8869.63,15856.26,2413.06,2413.06,22425.34,1.51,0.35,5288.44,2,8,820,KD,Western Global,I,2025,2
8874.48,18873.90,4319.56,5207.65,27221.95,3.60,0.53,3667.14,1,6,724,B6,JetBlue Airways,L,2025,3
8888.76,16038.16,3814.41,5435.92,22606.58,2.06,0.18,3865.34,1,6,887,AA,American Airlines Inc.,D,2025,3
8906.70,22216.13,3207.06,3207.06,27266.33,4.28,0.66,3820.95,1,6,694,NK,Spirit Air Lines,L,2025,4
8937.00,18106.00,-9187.00,-11396.00,8801.00,3.66,0.49,3564.00,1,6,634,AS,Alaska Airlines Inc.,D,2025,1
9004.74,25021.27,1920.78,3679.69,33037.12,2.20,0.35,3421.95,1,6,626,5Y,Atlas Air Inc.,I,2025,2
9091.00,20145.00,3143.00,4237.00,26157.00,4.81,0.53,4092.25,1,6,614,WN,Southwest Airlines Co.,L,2025,2
9151.28,23747.96,15211.74,17967.88,40281.96,12.58,4.05,8191.01,1,6,530,OO,SkyWest Airlines Inc.,D,2025,4
9160.74,17476.53,4793.08,4793.08,22859.14,4.22,0.55,3678.48,1,6,612,XP,TEM Enterprises dba  Avelo Airlines,D,2025,2
9181.17,16624.92,4117.59,4117.59,21229.02,3.81,0.54,3185.62,1,6,612,XP,TEM Enterprises dba  Avelo Airlines,D,2025,1
9202.52,14989.52,1775.62,2354.91,19342.38,1.95,0.14,3714.58,1,6,837,UA,United Air Lines Inc.,L,2025,4
9298.82,17085.97,3846.79,5577.67,23935.67,1.51,0.13,4199.71,1,6,637,AA,American Airlines Inc.,L,2025,2
9416.30,30808.98,3729.51,6558.68,40210.87,9.99,1.07,3833.83,1,6,721,B6,JetBlue Airways,A,2025,4
9432.04,30590.58,5283.63,7630.16,39721.78,2.22,0.59,3918.08,1,6,626,X9,Omni Air International LLC,I,2025,4
9616.86,23987.52,3462.77,3462.77,29440.39,4.62,0.72,3545.20,1,6,722,NK,Spirit Air Lines,L,2025,4
9626.59,18822.31,5574.33,5574.33,25133.84,4.62,0.56,3930.82,1,6,612,XP,TEM Enterprises dba  Avelo Airlines,D,2025,3
9639.29,19235.71,2376.95,3732.32,23488.66,1.38,0.24,3234.47,1,6,627,X9,Omni Air International LLC,I,2025,2
9748.27,22352.55,12301.61,14683.22,37550.90,11.23,3.63,7468.25,1,6,530,OO,SkyWest Airlines Inc.,D,2025,3
9819.00,16211.00,1893.00,2728.00,20054.00,2.13,0.15,4453.21,1,6,687,DL,Delta Air Lines Inc.,D,2025,2
9829.30,29799.78,2153.86,4201.08,38416.87,2.13,0.32,3269.53,1,6,626,5Y,Atlas Air Inc.,I,2025,1
9887.34,18326.97,4531.22,6469.57,26161.59,1.60,0.14,4315.91,1,6,637,AA,American Airlines Inc.,L,2025,3
9925.48,19019.68,5436.08,5436.08,25226.53,4.72,0.58,3528.47,1,6,612,XP,TEM Enterprises dba  Avelo Airlines,D,2025,4
10089.61,25464.13,1757.75,3671.98,32269.69,2.34,0.36,3659.80,1,6,626,5Y,Atlas Air Inc.,I,2025,3
10266.11,19974.95,2020.07,2723.27,23383.08,1.40,0.26,3313.53,1,6,627,X9,Omni Air International LLC,I,2025,1
10287.83,34879.71,5793.92,8957.48,45297.83,2.49,0.65,4283.04,1,6,626,X9,Omni Air International LLC,I,2025,3
10565.00,17389.00,2107.00,3153.00,21942.00,2.49,0.24,4676.39,1,6,624,DL,Delta Air Lines Inc.,D,2025,4
10580.70,19898.43,5265.54,5265.54,25163.97,1.80,0.14,5725.83,2,8,820,WI,Sky Lease Cargo,I,2025,2
10586.00,19738.00,1345.00,3068.00,28624.00,2.77,0.73,4561.64,2,6,626,FX,Federal Express Corporation,A,2025,4
10716.39,26542.81,3246.57,3246.57,31543.50,5.49,0.84,4239.46,1,6,722,NK,Spirit Air Lines,L,2025,2
10910.98,37431.70,3741.88,6704.60,47477.41,12.49,1.36,4660.82,1,6,721,B6,JetBlue Airways,A,2025,2
10926.21,16258.61,4110.28,5352.25,22815.37,1.82,0.17,4432.46,1,6,624,UA,United Air Lines Inc.,L,2025,1
11035.00,21878.00,534.00,666.00,26426.00,6.24,0.61,4626.00,1,6,838,AS,Alaska Airlines Inc.,D,2025,3
11088.00,21367.00,4559.00,5609.00,29341.00,5.59,0.58,4851.00,1,6,839,AS,Alaska Airlines Inc.,L,2025,2
11236.46,20356.84,4459.88,4459.88,24957.59,0.71,0.83,2688.50,2,8,819,N8,National Air Cargo Group Inc d/ba National Airlines,D,2025,4
11304.00,24883.00,3608.00,4997.00,32169.00,5.70,0.66,4931.89,1,6,838,WN,Southwest Airlines Co.,L,2025,3
11389.95,38145.29,11136.28,12595.43,54750.86,5.21,0.93,4865.42,1,6,678,B6,JetBlue Airways,D,2025,2
11529.00,21470.00,9984.00,12282.00,35907.00,5.73,1.06,4932.00,1,6,612,AS,Alaska Airlines Inc.,D,2025,2
11530.09,23093.78,2398.57,3710.51,27371.95,1.79,0.24,4295.21,1,6,627,X9,Omni Air International LLC,I,2025,3
11535.00,71358.64,48435.76,52492.16,126018.30,13.65,1.13,35565.00,2,6,683,KAQ,Kalitta Air LLC,I,2025,4
11662.38,22478.56,5550.44,7355.21,31244.73,2.92,0.54,4875.82,2,6,626,5X,United Parcel Service,L,2025,3
11668.00,23661.00,4294.00,6187.00,32375.00,4.85,0.52,5291.57,1,6,699,DL,Delta Air Lines Inc.,L,2025,2
11681.00,23157.00,4599.00,6431.00,32066.00,4.70,0.51,5220.18,1,6,699,DL,Delta Air Lines Inc.,L,2025,3
11791.00,22684.00,6892.00,8550.00,33469.00,5.47,1.00,4713.00,1,6,612,AS,Alaska Airlines Inc.,D,2025,1
11818.00,23474.00,4245.00,5385.00,31357.00,5.54,0.61,4803.00,1,6,888,AS,Alaska Airlines Inc.,L,2025,4
11832.84,19895.14,1204.17,2031.03,25312.05,2.24,0.17,5361.54,1,6,637,UA,United Air Lines Inc.,D,2025,2
11891.45,19858.43,5047.88,6608.46,28080.11,2.94,0.26,4980.86,1,6,626,UA,United Air Lines Inc.,L,2025,4
11905.09,23200.92,6913.13,9155.62,35974.52,6.18,0.76,5112.87,1,6,694,UA,United Air Lines Inc.,L,2025,2
11909.78,22563.21,5736.08,7887.27,33880.03,6.04,0.82,4843.55,1,6,694,UA,United Air Lines Inc.,L,2025,3
12015.32,22567.67,5867.92,7525.22,31560.18,2.94,0.55,4844.71,2,6,626,5X,United Parcel Service,L,2025,1
12025.00,22134.00,2629.00,3789.00,27472.00,2.97,0.22,5453.68,1,6,339,DL,Delta Air Lines Inc.,P,2025,2
12129.48,23349.46,2154.83,3185.79,31430.48,3.23,0.01,5809.15,1,6,837,HA,Hawaiian Airlines Inc.,D,2025,2
12215.24,24004.35,4894.57,6619.56,31918.63,2.92,0.50,4842.30,2,6,626,5X,United Parcel Service,L,2025,4
12412.00,20409.00,2386.00,3438.00,25251.00,2.70,0.20,5629.13,1,6,359,DL,Delta Air Lines Inc.,L,2025,2
12439.00,23450.00,7230.00,7665.00,32934.00,3.69,0.36,7319.00,1,6,837,HA,Hawaiian Airlines Inc.,D,2025,3
12471.99,30470.88,9004.10,13056.13,46505.71,6.06,0.57,5633.38,1,6,721,AA,American Airlines Inc.,L,2025,2
12529.00,34590.00,14026.00,25617.00,61626.00,2.22,0.48,5892.03,2,7,740,FX,Federal Express Corporation,P,2025,2
12600.82,20224.95,4167.79,5043.42,28629.15,3.61,0.26,5405.76,1,6,637,UA,United Air Lines Inc.,D,2025,3
12605.54,31828.26,9767.65,14222.88,49093.20,6.01,0.61,5388.20,1,6,721,AA,American Airlines Inc.,L,2025,4
12664.42,24710.71,6742.14,8856.19,35247.98,3.40,0.53,7052.65,2,6,626,5X,United Parcel Service,L,2025,2
12714.00,24744.00,10087.00,12795.00,39631.00,5.89,1.11,5122.00,1,6,612,AS,Alaska Airlines Inc.,D,2025,4
12726.70,20383.26,2898.12,2898.12,19655.50,2.42,0.37,8298.99,2,8,820,KD,Western Global,I,2025,4
12752.73,20970.86,6601.13,7483.88,32145.44,3.68,0.30,5312.92,1,6,637,UA,United Air Lines Inc.,D,2025,4
12881.00,22218.00,3018.00,4220.00,28064.00,3.08,0.22,5756.49,1,6,339,DL,Delta Air Lines Inc.,L,2025,3
12885.48,30754.99,9683.12,13801.51,47439.34,5.92,0.57,5610.59,1,6,721,AA,American Airlines Inc.,L,2025,3
12927.00,24256.00,1788.00,9040.00,40530.00,3.28,0.88,5507.43,2,6,626,FX,Federal Express Corporation,A,2025,1
12975.00,21021.00,2684.00,3753.00,26219.00,2.74,0.20,5798.26,1,6,359,DL,Delta Air Lines Inc.,L,2025,3
12994.49,18208.94,5440.50,6280.17,25866.32,1.59,0.20,5354.85,2,8,819,5X,United Parcel Service,A,2025,1
13027.68,24212.07,2193.51,3579.70,35346.57,6.96,0.79,5455.83,1,6,838,G4,Allegiant Air,D,2025,2
13147.56,19438.42,2508.55,2508.55,27367.35,1.37,0.34,4598.70,2,8,820,KD,Western Global,I,2025,1
13155.37,32956.01,4386.65,4386.65,39412.25,6.47,1.06,4985.69,1,6,722,NK,Spirit Air Lines,L,2025,3
13191.00,28998.00,6309.00,8821.00,41217.00,6.44,0.59,5895.18,1,6,721,DL,Delta Air Lines Inc.,L,2025,3
13255.86,22407.77,5216.90,6760.08,31672.81,3.36,0.29,5913.71,1,6,626,UA,United Air Lines Inc.,L,2025,2
13288.00,23235.00,2899.00,4178.00,29121.00,3.28,0.24,6026.53,1,6,339,DL,Delta Air Lines Inc.,L,2025,2
13319.00,27840.00,-518.00,-658.00,31787.00,7.48,0.76,5456.00,1,6,838,AS,Alaska Airlines Inc.,D,2025,4
13340.25,18301.44,4569.52,5457.14,24903.36,1.59,0.17,5443.65,2,8,819,5X,United Parcel Service,A,2025,4
13442.00,29591.00,4288.00,5939.00,38355.00,6.78,0.79,5865.04,1,6,612,WN,Southwest Airlines Co.,L,2025,3
13505.12,51019.85,35975.68,42120.01,96678.59,27.68,11.55,15720.78,1,6,629,OO,SkyWest Airlines Inc.,D,2025,1
13636.78,30773.35,23353.97,25626.13,58720.90,6.02,1.73,6449.18,1,6,608,HA,Hawaiian Airlines Inc.,D,2025,2
13666.36,39403.89,5705.33,8977.19,49870.23,2.93,0.68,5045.95,1,6,626,X9,Omni Air International LLC,I,2025,2
13707.00,22163.00,2821.00,3980.00,27741.00,2.70,0.23,5579.65,1,6,359,DL,Delta Air Lines Inc.,L,2025,1
13745.39,21271.19,1807.82,2587.22,26979.51,3.57,0.23,6228.84,1,6,889,UA,United Air Lines Inc.,D,2025,2
13832.85,33591.97,4555.66,4555.66,40583.11,6.67,0.98,5120.86,1,6,722,NK,Spirit Air Lines,L,2025,1
13846.00,26026.00,5088.00,6350.00,34319.00,6.67,1.05,5710.00,1,6,612,AS,Alaska Airlines Inc.,D,2025,3
13901.88,24317.24,1620.86,1620.86,25938.10,2.12,0.15,6528.35,2,8,820,WI,Sky Lease Cargo,I,2025,1
14007.00,21893.00,3207.00,4525.00,28234.00,3.07,0.26,5701.63,1,6,624,DL,Delta Air Lines Inc.,D,2025,1
14090.00,32154.00,20029.00,35816.00,69515.00,2.49,0.58,6523.11,2,7,740,FX,Federal Express Corporation,P,2025,3
14113.21,34542.41,10522.74,15312.59,53292.22,6.38,0.65,5864.78,1,6,721,AA,American Airlines Inc.,L,2025,1
14194.88,21978.89,3233.85,4044.60,29518.17,3.42,0.25,5971.30,1,6,837,UA,United Air Lines Inc.,D,2025,4
14211.00,29337.00,11562.00,21326.00,52040.00,2.29,0.44,6022.69,2,7,740,FX,Federal Express Corporation,P,2025,1
14275.93,30601.88,8815.79,12579.13,45825.23,3.33,0.27,6226.96,1,6,889,AA,American Airlines Inc.,L,2025,3
14293.63,27947.50,8276.81,8276.81,37318.91,7.07,0.94,5245.76,1,6,614,XP,TEM Enterprises dba  Avelo Airlines,D,2025,3
14334.00,23430.00,2966.00,4147.00,29174.00,3.03,0.22,6405.81,1,6,687,DL,Delta Air Lines Inc.,L,2025,3
14381.45,22562.29,2345.35,3236.31,29159.71,3.93,0.27,6072.95,1,6,889,UA,United Air Lines Inc.,D,2025,4
14395.00,25312.00,3751.00,5292.00,32728.00,3.59,0.38,5859.48,1,6,626,DL,Delta Air Lines Inc.,A,2025,1
14467.91,27601.35,7569.90,7569.90,36102.32,6.90,0.87,6203.00,1,6,614,XP,TEM Enterprises dba  Avelo Airlines,D,2025,2
14643.94,31144.24,8211.21,11906.43,45765.25,3.40,0.30,6615.38,1,6,889,AA,American Airlines Inc.,L,2025,2
14686.29,27793.88,1528.33,2239.35,34643.52,7.33,0.89,5825.35,1,6,838,G4,Allegiant Air,D,2025,3
14703.07,22395.54,1668.18,2570.26,28278.61,3.97,0.24,6334.58,1,6,889,UA,United Air Lines Inc.,D,2025,3
14791.97,34944.64,13830.23,13830.23,48774.86,6.64,0.59,5464.64,2,6,626,M6,Amerijet International,L,2025,1
14826.27,28330.36,6802.15,9463.39,43362.61,7.41,1.03,5756.53,1,6,694,UA,United Air Lines Inc.,L,2025,4
14889.00,32992.00,5148.00,6940.00,43124.00,7.88,0.86,6702.17,1,6,838,WN,Southwest Airlines Co.,L,2025,2
14940.00,33519.00,6662.00,9598.00,47038.00,7.52,0.67,6775.70,1,6,721,DL,Delta Air Lines Inc.,L,2025,2
14990.00,24857.00,2883.00,4154.00,30709.00,3.26,0.23,6798.26,1,6,687,DL,Delta Air Lines Inc.,L,2025,2
15017.46,48663.14,44596.74,51017.44,102796.60,31.09,11.83,15388.01,1,6,629,OO,SkyWest Airlines Inc.,D,2025,2
15027.00,29847.00,5398.00,6847.00,39870.00,7.05,0.78,6107.00,1,6,839,AS,Alaska Airlines Inc.,L,2025,4
15035.11,32873.82,23260.53,25554.12,60535.59,6.01,1.71,6401.54,1,6,608,HA,Hawaiian Airlines Inc.,D,2025,1
15063.00,33541.00,5019.00,6865.00,43880.00,7.52,0.91,6309.00,1,6,838,WN,Southwest Airlines Co.,L,2025,1
15140.94,47997.67,5501.34,9284.46,61613.24,16.05,1.60,6256.59,1,6,721,B6,JetBlue Airways,A,2025,3
15168.83,23766.95,7308.31,8378.91,34845.06,4.00,0.38,6278.19,1,6,624,UA,United Air Lines Inc.,D,2025,1
15260.38,35989.52,15010.75,15010.75,51000.26,6.54,1.40,6291.11,2,6,626,M6,Amerijet International,L,2025,2
15466.19,29637.06,8470.67,8470.67,39308.76,7.56,1.03,5900.37,1,6,614,XP,TEM Enterprises dba  Avelo Airlines,D,2025,4
15494.78,32947.40,8960.68,13036.62,48910.36,3.31,0.31,6436.56,1,6,889,AA,American Airlines Inc.,L,2025,1
15591.70,40744.09,7744.82,10149.35,51098.18,8.80,1.08,7198.31,1,6,634,UA,United Air Lines Inc.,D,2025,2
15627.00,36582.00,6523.00,9762.00,50681.00,7.70,0.75,6917.33,1,6,721,DL,Delta Air Lines Inc.,L,2025,4
15716.79,22584.88,6067.37,7355.16,31535.93,2.20,0.23,7122.73,2,8,819,5X,United Parcel Service,A,2025,2
15742.20,28778.94,6439.65,9336.89,40245.22,2.49,0.22,7114.20,1,6,637,AA,American Airlines Inc.,P,2025,2
15776.62,39646.32,15715.15,15715.15,55361.47,6.72,0.67,6945.68,2,6,626,M6,Amerijet International,L,2025,3
15782.00,35142.00,5257.00,7190.00,46092.00,7.88,0.95,6610.35,1,6,612,WN,Southwest Airlines Co.,L,2025,1
15948.00,35338.00,5514.00,7434.00,46365.00,8.44,0.92,7179.03,1,6,612,WN,Southwest Airlines Co.,L,2025,2
15977.00,25432.00,3413.00,4918.00,32359.00,3.86,0.31,7246.15,1,6,624,DL,Delta Air Lines Inc.,D,2025,2
16291.00,31927.00,6534.00,8105.00,43578.00,7.50,0.86,6522.00,1,6,888,AS,Alaska Airlines Inc.,L,2025,1
16388.08,32517.18,8695.20,12357.98,47413.74,4.05,0.33,7110.76,1,6,887,AA,American Airlines Inc.,P,2025,3
16432.74,29755.80,7369.78,7369.78,37996.34,7.10,0.86,6341.47,1,6,614,XP,TEM Enterprises dba  Avelo Airlines,D,2025,1
16541.24,31130.07,2156.19,3807.46,36807.27,6.67,0.84,6489.30,1,6,721,B6,JetBlue Airways,L,2025,1
16597.55,42223.26,6931.69,9726.44,52155.37,8.55,1.08,6943.81,1,6,634,UA,United Air Lines Inc.,D,2025,1
16667.47,32635.69,3557.80,4571.43,41693.33,4.21,0.32,7696.68,1,6,837,UA,United Air Lines Inc.,P,2025,2
16719.92,25854.02,2145.18,4109.58,32843.92,3.95,0.32,12311.33,2,8,821,5Y,Atlas Air Inc.,D,2025,2
16725.38,33923.57,8540.78,12384.36,49131.91,4.35,0.38,7552.56,1,6,887,AA,American Airlines Inc.,L,2025,2
16736.00,36960.00,5450.00,7552.00,47522.00,10.81,0.97,7113.77,1,6,612,WN,Southwest Airlines Co.,L,2025,4
16744.44,34525.52,9587.91,13682.32,51085.81,4.43,0.38,7302.10,1,6,887,AA,American Airlines Inc.,L,2025,3
16796.14,46275.71,9885.65,12362.98,64276.74,7.16,2.00,6589.31,1,6,678,B6,JetBlue Airways,D,2025,1
16815.00,31701.00,9773.00,10362.00,44522.00,5.34,0.00,0.00,2,6,339,HA,Hawaiian Airlines Inc.,D,2025,3
16861.64,33561.74,8507.76,12392.15,48739.32,4.17,0.41,7011.06,1,6,887,AA,American Airlines Inc.,D,2025,1
16864.98,29728.45,6882.32,9805.15,41576.02,7.43,1.18,7338.67,1,6,698,AA,American Airlines Inc.,L,2025,3
17026.01,30705.73,7335.31,10468.62,43377.65,2.58,0.22,7427.68,1,6,637,AA,American Airlines Inc.,P,2025,3
17079.51,31960.70,7505.12,15847.75,51537.54,8.33,0.95,6938.40,1,6,614,UA,United Air Lines Inc.,L,2025,3
17334.00,29502.00,3135.00,4691.00,36276.00,3.70,0.32,7672.87,1,6,687,DL,Delta Air Lines Inc.,L,2025,4
17520.57,26042.81,2126.36,4147.45,32466.35,4.07,0.39,12561.39,2,8,821,5Y,Atlas Air Inc.,D,2025,1
17524.42,50613.31,42121.20,47749.31,101200.00,26.66,11.78,13353.85,1,6,629,OO,SkyWest Airlines Inc.,D,2025,4
17559.65,42910.16,6711.66,9382.29,52557.50,9.23,1.10,7612.05,1,6,634,UA,United Air Lines Inc.,D,2025,4
17586.83,22612.09,5653.27,6202.32,29918.38,8.36,0.98,7081.03,1,6,614,UA,United Air Lines Inc.,P,2025,2
17659.57,31976.47,7296.33,10615.45,44974.46,2.47,0.25,7335.87,1,6,637,AA,American Airlines Inc.,P,2025,1
17693.00,38684.00,8434.00,11898.00,55355.00,8.06,0.81,7202.20,1,6,721,DL,Delta Air Lines Inc.,L,2025,1
17860.00,33671.00,10381.00,11006.00,47288.00,5.94,1.67,6231.40,1,6,608,HA,Hawaiian Airlines Inc.,D,2025,3
17951.83,22885.50,8561.79,9125.37,33018.24,7.88,0.98,6730.19,1,6,614,UA,United Air Lines Inc.,P,2025,1
17955.00,33445.00,9766.00,10370.00,46683.00,5.59,0.00,0.00,2,6,339,HA,Hawaiian Airlines Inc.,D,2025,4
17985.32,32857.09,7443.05,10832.97,46011.74,2.63,0.24,7677.19,1,6,637,AA,American Airlines Inc.,P,2025,4
18231.00,35872.00,5550.00,8305.00,47867.00,6.55,0.92,8069.73,1,6,622,DL,Delta Air Lines Inc.,L,2025,4
18234.89,34634.75,3039.07,4156.84,43155.29,4.40,0.31,8045.51,1,6,837,UA,United Air Lines Inc.,P,2025,3
18402.93,36322.54,10052.79,12702.77,53971.61,9.62,1.14,7457.06,1,6,614,UA,United Air Lines Inc.,L,2025,4
18420.00,34944.22,3151.19,4225.60,43593.18,4.33,0.32,7891.52,1,6,837,UA,United Air Lines Inc.,P,2025,4
18459.10,28159.69,1892.75,3954.01,34752.94,3.61,0.29,11353.06,2,8,821,5Y,Atlas Air Inc.,D,2025,3
18688.00,34812.00,10165.00,10794.00,48590.00,5.82,1.75,6243.33,1,6,608,HA,Hawaiian Airlines Inc.,D,2025,4
18752.36,54747.18,33768.08,40232.33,97816.44,32.89,11.91,16141.43,1,6,629,OO,SkyWest Airlines Inc.,D,2025,3
18793.30,26308.02,7028.16,8363.63,36353.08,2.29,0.25,8100.95,2,8,819,5X,United Parcel Service,A,2025,3
18794.00,39690.00,8360.00,11689.00,55883.00,8.54,1.09,8398.84,1,6,614,DL,Delta Air Lines Inc.,L,2025,3
18867.50,38451.72,10714.72,15056.73,60308.09,9.85,1.31,7406.59,1,6,694,UA,United Air Lines Inc.,L,2025,1
18894.00,37027.00,7578.00,9400.00,50540.00,8.70,1.00,7564.00,1,6,839,AS,Alaska Airlines Inc.,L,2025,1
18897.11,36756.22,2961.21,4897.38,46669.77,4.32,0.36,7903.71,1,6,837,UA,United Air Lines Inc.,P,2025,1
18915.00,36632.00,2751.00,5024.00,53112.00,5.07,1.47,8774.74,2,6,626,FX,Federal Express Corporation,P,2025,2
18926.75,39849.55,10416.90,15105.50,58406.69,4.34,0.39,8537.00,1,6,889,AA,American Airlines Inc.,P,2025,2
19112.00,35475.00,6638.00,9281.00,48331.00,6.78,0.85,8540.98,1,6,622,DL,Delta Air Lines Inc.,L,2025,3
19184.00,34880.00,2541.00,7281.00,52265.00,4.81,1.24,7985.47,2,6,626,FX,Federal Express Corporation,L,2025,4
19186.51,35103.06,13209.89,15790.64,55225.91,8.43,0.99,7211.01,1,6,614,UA,United Air Lines Inc.,P,2025,4
19274.97,29325.51,4662.74,6272.34,37969.46,3.49,0.24,8446.10,1,6,627,UA,United Air Lines Inc.,L,2025,2
19286.95,25284.69,3829.73,7365.39,34098.85,8.67,0.99,7495.83,1,6,614,UA,United Air Lines Inc.,P,2025,3
19433.50,36323.33,2827.94,4867.76,43417.48,8.32,0.82,8030.37,1,6,721,B6,JetBlue Airways,D,2025,3
19476.00,38042.00,3352.00,9205.00,59665.00,5.50,1.50,8915.80,2,6,626,FX,Federal Express Corporation,L,2025,2
19479.85,36285.14,8392.00,12242.91,51162.15,8.95,1.38,8317.93,1,6,698,AA,American Airlines Inc.,L,2025,4
19561.73,38168.67,10414.06,13679.45,54444.77,5.09,0.82,7335.41,2,6,626,5X,United Parcel Service,P,2025,2
19657.29,45569.89,17026.41,17026.41,62596.30,8.58,0.69,7790.90,2,6,626,M6,Amerijet International,L,2025,4
19794.42,44942.98,7585.92,10367.04,55572.71,10.29,1.07,8633.63,1,6,634,UA,United Air Lines Inc.,D,2025,3
20064.92,38354.78,2584.20,4630.48,45292.55,8.63,0.94,8571.09,1,6,721,B6,JetBlue Airways,L,2025,2
20124.97,29411.78,4571.33,5613.52,37500.27,3.59,0.25,8462.98,1,6,627,UA,United Air Lines Inc.,L,2025,3
20200.76,38566.29,3205.71,5638.63,46648.99,8.59,0.92,8224.69,1,6,721,B6,JetBlue Airways,L,2025,4
20435.48,39597.87,9521.49,12863.48,56986.43,10.26,1.20,8634.64,1,6,614,UA,United Air Lines Inc.,L,2025,2
20506.00,44320.00,8514.00,12267.00,61597.00,9.62,1.27,9299.96,1,6,614,DL,Delta Air Lines Inc.,L,2025,2
20562.62,43161.82,11338.91,16530.21,63250.92,4.52,0.39,8768.03,1,6,889,AA,American Airlines Inc.,L,2025,4
20623.00,38336.00,3839.00,10655.00,61598.00,5.42,1.54,8932.06,2,6,626,FX,Federal Express Corporation,L,2025,3
20709.00,32482.00,4754.00,6647.00,41690.00,4.86,0.40,9254.61,1,6,624,DL,Delta Air Lines Inc.,D,2025,3
20799.00,38732.00,3235.00,5785.00,56750.00,5.26,1.58,9167.74,2,6,626,FX,Federal Express Corporation,P,2025,3
20972.96,39392.30,10242.56,13135.41,55088.90,4.98,0.96,8168.27,2,6,626,5X,United Parcel Service,P,2025,1
21027.00,39136.00,3096.00,9238.00,60141.00,5.33,1.41,8568.55,2,6,626,FX,Federal Express Corporation,L,2025,1
21049.00,43221.00,8968.00,12538.00,60588.00,9.16,1.09,9406.54,1,6,888,DL,Delta Air Lines Inc.,L,2025,3
21195.49,35212.28,4968.01,7236.16,46661.69,4.90,0.50,8593.86,1,6,626,UA,United Air Lines Inc.,L,2025,1
21221.62,38476.56,2010.70,2717.58,47287.53,10.73,1.36,8249.20,1,6,838,G4,Allegiant Air,D,2025,4
21264.64,40986.34,10120.42,13411.14,56970.16,5.14,0.98,8606.67,2,6,626,5X,United Parcel Service,P,2025,3
21393.27,35605.35,10992.27,13336.04,52269.85,7.60,0.73,8643.00,1,6,622,UA,United Air Lines Inc.,A,2025,4
21407.00,97111.00,41296.00,74250.00,176002.00,3.95,1.90,9457.91,2,7,740,FX,Federal Express Corporation,D,2025,4
21505.29,39757.42,8995.81,13051.92,55787.51,10.33,1.55,9714.47,1,6,698,AA,American Airlines Inc.,L,2025,2
21610.74,42606.93,2962.41,5396.27,50648.32,9.89,1.07,9231.41,1,6,721,B6,JetBlue Airways,D,2025,2
22219.24,41282.29,9718.40,14143.44,58594.38,10.10,1.55,9242.78,1,6,698,AA,American Airlines Inc.,L,2025,1
22285.81,42137.21,6966.27,10612.59,58084.59,10.82,1.25,9109.48,1,6,888,UA,United Air Lines Inc.,L,2025,4
22440.00,36538.00,4597.00,6486.00,45626.00,4.39,0.40,9134.45,1,6,687,DL,Delta Air Lines Inc.,L,2025,1
22466.94,123534.74,239.89,320.29,123855.04,4.17,0.27,8558.43,2,8,821,PO,Polar Air Cargo Airways,P,2025,1
22809.00,39448.00,5333.00,7524.00,49990.00,5.10,0.41,9284.77,1,6,339,DL,Delta Air Lines Inc.,L,2025,1
23038.00,114358.00,25265.00,42558.00,204227.00,10.79,7.30,11035.61,2,6,622,FX,Federal Express Corporation,D,2025,3
23087.00,42960.00,3164.00,5836.00,61491.00,5.75,1.57,9733.02,2,6,626,FX,Federal Express Corporation,P,2025,1
23208.17,45283.57,12355.31,16229.39,64593.65,6.23,0.97,9746.90,2,6,626,5X,United Parcel Service,A,2025,2
23307.96,45802.82,9339.36,12630.81,60904.11,5.49,0.96,8926.43,2,6,626,5X,United Parcel Service,P,2025,4
23368.00,119975.00,28894.00,47616.00,215039.00,11.39,7.27,11615.98,2,6,622,FX,Federal Express Corporation,D,2025,2
23392.00,52420.00,9054.00,13549.00,71988.00,10.68,1.34,10354.44,1,6,614,DL,Delta Air Lines Inc.,L,2025,4
23503.92,37167.77,3899.26,6227.34,49863.41,5.64,0.47,9626.12,1,6,837,UA,United Air Lines Inc.,D,2025,1
23846.19,49648.12,12820.22,18590.02,72471.06,6.38,0.55,10788.94,1,6,887,AA,American Airlines Inc.,P,2025,2
23896.00,123858.00,20531.00,35033.00,205033.00,10.78,6.89,10733.86,2,6,622,FX,Federal Express Corporation,D,2025,1
23899.89,50625.89,13503.26,19721.35,74570.73,6.39,0.67,10245.72,1,6,887,AA,American Airlines Inc.,L,2025,4
23977.00,43848.00,4900.00,7332.00,54436.00,5.78,0.45,10613.34,1,6,339,DL,Delta Air Lines Inc.,L,2025,4
24243.31,45328.69,10426.30,15117.94,63893.46,4.58,0.40,10954.51,1,6,627,AA,American Airlines Inc.,P,2025,2
24293.89,44480.16,3384.96,5713.34,52857.87,9.86,0.98,10038.80,1,6,721,B6,JetBlue Airways,L,2025,3
24442.00,48627.00,9595.00,13537.00,67596.00,9.17,1.06,9949.44,1,6,699,DL,Delta Air Lines Inc.,L,2025,1
24552.11,47322.74,11685.01,15484.47,65777.63,6.11,1.13,10423.95,2,6,626,5X,United Parcel Service,A,2025,3
24682.85,46360.36,12054.36,15458.92,64833.50,5.99,1.13,10184.12,2,6,626,5X,United Parcel Service,A,2025,1
24756.11,37709.61,29352.15,31745.51,90502.34,3.77,0.81,9417.23,2,7,740,5X,United Parcel Service,D,2025,4
24876.32,47081.73,11928.31,17017.48,67672.67,4.81,0.41,10842.92,1,6,627,AA,American Airlines Inc.,L,2025,3
24887.39,48892.39,10352.03,14573.91,68737.58,11.58,1.45,9682.88,1,6,614,UA,United Air Lines Inc.,L,2025,1
25138.71,49400.46,10072.93,13622.91,65687.89,5.97,1.03,10150.02,2,6,626,5X,United Parcel Service,A,2025,4
25165.57,63961.75,5134.05,10178.43,76469.54,10.79,1.57,11831.62,1,6,699,F9,Frontier Airlines Inc.,D,2025,3
25364.00,53486.00,11254.00,15878.00,75734.00,10.75,1.51,10324.79,1,6,614,DL,Delta Air Lines Inc.,L,2025,1
25409.87,66970.42,4820.20,9283.60,78378.59,11.80,1.53,12715.48,1,6,699,F9,Frontier Airlines Inc.,D,2025,2
25442.25,47059.58,10732.12,15687.27,66141.46,3.92,0.37,10852.45,1,6,637,AA,American Airlines Inc.,L,2025,4
25456.24,38140.11,3087.07,5692.93,47265.31,4.08,0.31,12748.58,2,8,821,5Y,Atlas Air Inc.,D,2025,4
25640.74,47783.44,10947.85,15873.37,67274.91,4.89,0.43,11590.85,1,6,627,AA,American Airlines Inc.,L,2025,2
25738.07,47026.80,11418.10,16292.63,66744.46,4.59,0.39,11225.07,1,6,627,AA,American Airlines Inc.,P,2025,3
25782.00,129993.00,33196.00,59686.00,237165.00,12.04,7.33,12061.72,2,6,622,FX,Federal Express Corporation,D,2025,4
25849.00,43356.00,4680.00,7004.00,53472.00,5.52,0.49,11441.96,1,6,687,DL,Delta Air Lines Inc.,D,2025,4
25859.00,46965.00,3179.00,6050.00,66340.00,6.35,1.71,11091.32,2,6,626,FX,Federal Express Corporation,P,2025,4
25949.10,39130.35,6435.02,9313.70,50563.54,3.10,0.27,11741.15,1,6,627,AA,American Airlines Inc.,D,2025,2
26000.61,54137.01,14041.52,20521.98,79100.59,6.79,0.71,11091.55,1,6,887,AA,American Airlines Inc.,D,2025,4
26032.22,48150.38,11345.45,16488.33,68319.31,4.49,0.47,10823.57,1,6,627,AA,American Airlines Inc.,P,2025,1
26091.84,49914.28,3360.53,6021.80,58936.42,11.22,1.04,11145.60,1,6,699,B6,JetBlue Airways,L,2025,2
26266.00,77148.00,38128.00,62833.00,160948.00,7.51,4.71,13316.31,2,6,691,FX,Federal Express Corporation,D,2025,2
26464.27,71004.19,6422.84,11559.84,85256.10,37.24,1.74,12686.40,1,6,699,F9,Frontier Airlines Inc.,D,2025,4
26761.10,66283.04,8107.38,8107.38,78770.83,13.71,2.10,14525.77,1,6,699,NK,Spirit Air Lines,D,2025,2
26953.44,39996.67,3232.20,5456.35,50701.48,5.76,0.42,11161.83,1,6,889,UA,United Air Lines Inc.,D,2025,1
27283.00,85671.00,41670.00,71103.00,177927.00,7.14,4.93,12533.29,2,6,691,FX,Federal Express Corporation,D,2025,1
27385.10,56539.24,15065.11,21883.80,83298.55,6.78,0.68,11386.01,1,6,887,AA,American Airlines Inc.,L,2025,1
27616.00,74395.00,36960.00,62258.00,157138.00,7.49,4.60,13378.20,2,6,691,FX,Federal Express Corporation,D,2025,3
27759.00,60759.00,10320.00,15443.00,83062.00,12.18,1.56,12287.47,1,6,888,DL,Delta Air Lines Inc.,L,2025,4
28019.83,67707.04,5093.30,10149.15,79903.12,12.09,1.49,12514.61,1,6,699,F9,Frontier Airlines Inc.,D,2025,1
28221.25,43692.43,7859.27,11413.12,57631.97,3.32,0.34,11757.20,1,6,627,AA,American Airlines Inc.,D,2025,1
28317.22,54109.84,4493.95,7904.87,65440.85,12.04,1.20,11529.29,1,6,699,B6,JetBlue Airways,L,2025,4
28335.86,54827.24,3908.76,6992.03,65209.27,12.09,1.53,11116.46,1,6,721,B6,JetBlue Airways,D,2025,1
28875.75,57673.92,43123.30,45288.41,112535.61,7.10,0.74,11364.09,1,6,887,UA,United Air Lines Inc.,A,2025,1
29007.68,62169.31,17885.73,25583.90,93206.63,6.63,0.55,12692.02,1,6,889,AA,American Airlines Inc.,P,2025,3
29115.14,72622.42,10483.58,10483.58,89131.03,13.98,2.16,14183.87,1,6,699,NK,Spirit Air Lines,D,2025,4
29244.94,44647.64,8151.61,11620.10,58696.50,3.50,0.30,12749.66,1,6,627,AA,American Airlines Inc.,D,2025,3
29364.04,71308.23,9670.65,9670.65,86148.86,14.16,2.08,14188.49,1,6,699,NK,Spirit Air Lines,D,2025,1
29395.08,73638.70,9801.78,9801.78,88064.87,14.45,2.37,14944.35,1,6,699,NK,Spirit Air Lines,D,2025,3
29526.57,56680.16,4806.82,8552.75,68897.74,12.88,1.38,12021.67,1,6,721,B6,JetBlue Airways,D,2025,4
29731.37,42723.69,11477.60,13913.71,59656.36,4.04,0.43,11621.36,2,8,819,5X,United Parcel Service,D,2025,2
29788.00,55488.00,16203.00,17205.00,77450.00,9.28,0.64,2273.88,1,6,696,HA,Hawaiian Airlines Inc.,P,2025,4
30015.47,42060.14,12566.80,14506.33,59747.65,3.58,0.46,11675.51,2,8,819,5X,United Parcel Service,P,2025,1
30020.56,55952.55,13018.36,18985.67,79003.34,5.30,0.55,12854.64,1,6,627,AA,American Airlines Inc.,P,2025,4
30127.49,46097.23,4898.10,6322.07,57255.25,4.83,0.38,12123.02,1,6,637,UA,United Air Lines Inc.,A,2025,1
30179.00,63369.00,12035.00,17340.00,87791.00,13.59,1.58,13687.01,1,6,888,DL,Delta Air Lines Inc.,L,2025,2
30527.00,57552.00,17743.00,18812.00,80827.00,9.70,0.66,2478.58,1,6,696,HA,Hawaiian Airlines Inc.,P,2025,3
30656.37,42914.66,11464.60,13643.08,59300.55,3.63,0.40,12385.81,2,8,819,5X,United Parcel Service,D,2025,3
30712.10,55134.66,9470.81,13693.16,74983.31,13.76,1.43,12450.76,1,6,888,UA,United Air Lines Inc.,L,2025,3
30721.00,58251.00,9959.00,14349.00,78461.00,11.25,1.48,13932.53,1,6,622,DL,Delta Air Lines Inc.,L,2025,2
31277.98,78017.23,11262.36,11262.36,95752.19,15.01,2.33,11542.30,1,6,722,NK,Spirit Air Lines,D,2025,4
31326.62,57489.65,13338.72,19407.54,81259.19,4.70,0.47,13007.68,1,6,637,AA,American Airlines Inc.,L,2025,1
31464.00,82132.00,25182.00,45277.00,147024.00,8.30,4.67,14706.46,2,6,691,FX,Federal Express Corporation,D,2025,4
32027.91,53780.55,13544.08,17659.17,81547.01,13.57,2.61,12227.77,1,6,698,G4,Allegiant Air,D,2025,4
32100.97,58870.18,4473.11,7550.31,69941.08,13.06,1.21,13264.86,1,6,699,B6,JetBlue Airways,L,2025,3
32196.84,69611.50,19184.30,27921.67,103815.17,6.98,0.66,13368.57,1,6,889,AA,American Airlines Inc.,P,2025,1
32518.76,67697.54,13700.37,14580.04,92367.72,15.45,1.61,14029.60,1,6,721,HA,Hawaiian Airlines Inc.,D,2025,1
32928.62,61973.86,4292.42,7579.67,73275.64,13.27,1.27,12918.25,1,6,699,B6,JetBlue Airways,L,2025,1
33514.99,46963.95,14031.97,16197.63,66713.65,3.90,0.51,12640.47,2,8,819,5X,United Parcel Service,D,2025,1
33577.31,58928.74,12970.23,17273.76,86495.42,14.13,2.78,13057.86,1,6,698,G4,Allegiant Air,D,2025,3
33599.00,62112.00,10156.00,14633.00,82722.00,11.47,1.44,15238.10,1,6,623,DL,Delta Air Lines Inc.,D,2025,2
34093.19,67425.56,13650.21,19870.48,97508.99,17.57,1.63,15925.76,1,6,721,HA,Hawaiian Airlines Inc.,D,2025,2
34281.00,63916.00,7711.00,11539.00,80582.00,9.10,0.87,15174.40,1,6,626,DL,Delta Air Lines Inc.,A,2025,4
34530.49,57624.37,11399.98,16656.36,77877.72,4.98,0.53,14735.32,1,6,627,AA,American Airlines Inc.,D,2025,4
34687.00,63012.00,6251.00,9355.00,76523.00,7.39,0.58,15353.99,1,6,359,DL,Delta Air Lines Inc.,A,2025,4
34735.69,64971.45,9682.07,14698.96,86628.98,16.36,1.65,14594.67,1,6,888,UA,United Air Lines Inc.,L,2025,2
34771.80,86731.92,12520.39,12520.39,106447.91,16.69,2.59,14517.37,1,6,721,NK,Spirit Air Lines,D,2025,4
34981.00,63690.00,11331.00,15986.00,86091.00,10.83,1.44,14239.34,1,6,623,DL,Delta Air Lines Inc.,D,2025,1
35010.00,56382.00,7190.00,10143.00,70595.00,6.87,0.63,14250.92,1,6,687,DL,Delta Air Lines Inc.,D,2025,1
35654.76,55528.74,6373.41,9210.06,69708.98,6.31,0.56,14226.99,1,6,627,UA,United Air Lines Inc.,L,2025,1
36058.94,51816.35,13920.32,16874.89,72352.70,4.99,0.52,14591.08,2,8,819,5X,United Parcel Service,P,2025,2
36797.29,79848.57,21770.03,31696.59,118325.79,14.63,1.80,15726.21,1,6,699,AA,American Airlines Inc.,L,2025,4
36880.03,64298.78,24851.09,29045.36,99818.91,14.60,1.39,15636.97,1,6,622,UA,United Air Lines Inc.,A,2025,2
37079.07,76950.48,20542.12,29857.73,113495.64,9.10,0.91,15396.67,1,6,887,AA,American Airlines Inc.,P,2025,1
37101.00,70700.00,10490.00,15698.00,93371.00,12.38,1.44,16422.41,1,6,623,DL,Delta Air Lines Inc.,D,2025,4
37227.31,78529.43,21138.46,30775.37,116201.66,14.16,1.70,15491.22,1,6,699,AA,American Airlines Inc.,L,2025,1
37725.31,65027.46,36125.74,41666.21,112846.81,13.23,1.93,15977.66,1,6,623,UA,United Air Lines Inc.,D,2025,4
37730.03,71910.85,17122.37,24989.82,102269.62,7.01,0.74,16131.60,1,6,627,AA,American Airlines Inc.,L,2025,4
37817.00,95108.00,22554.00,31820.00,139697.00,21.55,2.70,15393.63,1,6,724,DL,Delta Air Lines Inc.,D,2025,1
37839.12,70125.14,14774.66,17831.34,93156.27,9.61,0.54,17866.32,1,6,696,HA,Hawaiian Airlines Inc.,P,2025,2
38343.26,90098.89,28028.45,39971.49,138446.16,19.86,2.19,16709.83,1,6,838,AA,American Airlines Inc.,L,2025,3
38959.04,67027.93,16413.79,19526.34,92953.20,9.29,0.89,15797.70,1,6,624,UA,United Air Lines Inc.,A,2025,1
38966.07,81945.82,21505.09,31141.44,120179.65,15.71,1.76,17630.26,1,6,699,AA,American Airlines Inc.,L,2025,2
39116.06,53663.16,13398.68,16001.32,73021.20,4.48,0.49,14788.64,2,8,819,5X,United Parcel Service,D,2025,4
39229.00,70835.00,12747.00,17822.00,95521.00,13.01,1.44,17531.41,1,6,623,DL,Delta Air Lines Inc.,D,2025,3
39520.87,82633.27,8004.54,14068.04,103115.35,20.66,1.49,15888.61,1,6,839,UA,United Air Lines Inc.,L,2025,3
39667.54,70816.43,15839.46,20494.91,103697.41,17.08,3.06,15142.02,1,6,698,G4,Allegiant Air,D,2025,1
39813.00,67784.00,8204.00,11574.00,84000.00,7.85,0.66,16206.22,1,6,359,DL,Delta Air Lines Inc.,A,2025,1
39916.00,120414.00,50457.00,83151.00,208743.00,8.11,1.78,19211.94,2,7,740,FX,Federal Express Corporation,D,2025,2
39986.72,60573.65,12055.01,14812.79,80924.75,7.18,0.59,16516.62,1,6,627,UA,United Air Lines Inc.,L,2025,4
40022.96,69916.99,18999.62,24550.39,101391.36,13.56,1.89,16489.63,1,6,623,UA,United Air Lines Inc.,D,2025,1
40084.29,82318.86,22744.04,32401.93,121465.74,15.29,1.80,17433.17,1,6,699,AA,American Airlines Inc.,L,2025,3
40166.00,103638.00,22419.00,32302.00,149134.00,25.32,2.97,18216.21,1,6,724,DL,Delta Air Lines Inc.,D,2025,2
40229.20,71142.08,30043.79,36193.04,114046.83,15.00,1.89,18144.55,1,6,623,UA,United Air Lines Inc.,D,2025,2
40326.13,69778.88,14814.02,19989.60,103084.37,18.50,2.99,16659.05,1,6,698,G4,Allegiant Air,D,2025,2
40449.26,74722.22,12564.89,17404.96,97252.34,9.32,0.58,18178.43,1,6,696,HA,Hawaiian Airlines Inc.,P,2025,1
40458.00,105696.00,25464.00,35925.00,156036.00,24.33,3.97,16468.90,1,6,723,DL,Delta Air Lines Inc.,D,2025,1
40616.12,97965.42,28659.87,41562.53,149008.47,22.26,2.36,18348.13,1,6,838,AA,American Airlines Inc.,L,2025,2
40763.00,110053.00,24027.00,34619.00,158814.00,27.14,4.02,18487.15,1,6,723,DL,Delta Air Lines Inc.,D,2025,2
40807.54,77885.92,49987.55,55457.39,146200.64,10.05,0.98,16435.82,1,6,887,UA,United Air Lines Inc.,A,2025,4
40978.11,76358.62,8569.65,14641.48,99108.83,17.45,1.92,15906.30,1,6,888,UA,United Air Lines Inc.,L,2025,1
41438.26,90324.18,148026.17,158142.19,263207.53,26.35,3.33,17703.87,1,6,612,UA,United Air Lines Inc.,D,2025,4
41574.00,101804.00,62372.00,105063.00,211859.00,8.04,1.86,19287.80,2,7,740,FX,Federal Express Corporation,D,2025,3
42218.00,76488.00,9861.00,13912.00,95982.00,9.42,0.76,17185.32,1,6,339,DL,Delta Air Lines Inc.,P,2025,1
42388.63,59338.20,15852.13,18864.32,81995.00,5.11,0.55,17418.68,2,8,819,5X,United Parcel Service,P,2025,3
42401.95,71314.74,26138.97,31696.37,109604.12,14.88,1.88,18080.56,1,6,623,UA,United Air Lines Inc.,D,2025,3
42790.00,80586.00,14704.00,25090.00,120035.00,8.86,0.91,19661.24,2,6,683,FX,Federal Express Corporation,D,2025,1
42999.00,116754.00,22569.00,33773.00,165529.00,26.63,3.21,19033.26,1,6,724,DL,Delta Air Lines Inc.,D,2025,4
43083.30,104624.37,14188.90,14188.90,126398.74,20.77,3.05,17790.11,1,6,721,NK,Spirit Air Lines,D,2025,1
43261.00,109289.00,26011.00,36367.00,159664.00,26.56,3.03,19332.93,1,6,724,DL,Delta Air Lines Inc.,D,2025,3
43300.00,122534.00,23826.00,35654.00,174026.00,28.11,4.03,19166.27,1,6,723,DL,Delta Air Lines Inc.,D,2025,4
43310.38,95953.34,122429.74,131612.68,242364.89,28.20,3.24,19419.67,1,6,612,UA,United Air Lines Inc.,D,2025,2
43382.60,59516.42,14860.13,17746.65,80985.92,5.11,0.54,16791.58,2,8,819,5X,United Parcel Service,P,2025,4
43434.00,72096.00,9290.00,13106.00,90461.00,8.88,0.97,17679.98,1,6,696,DL,Delta Air Lines Inc.,A,2025,1
43552.57,107275.83,32131.28,46924.81,164308.90,23.07,2.64,18606.80,1,6,838,AA,American Airlines Inc.,L,2025,4
43634.32,93916.75,5405.68,13347.20,115199.46,23.52,2.11,17336.92,1,6,838,UA,United Air Lines Inc.,L,2025,1
43847.00,81444.00,15200.00,21444.00,111492.00,14.52,1.91,17848.07,1,6,622,DL,Delta Air Lines Inc.,L,2025,1
44373.67,93892.23,25456.52,37025.87,139206.50,9.80,0.93,18447.50,1,6,889,AA,American Airlines Inc.,A,2025,1
44484.68,97527.96,98526.09,108041.47,219457.72,26.26,3.05,18153.91,1,6,612,UA,United Air Lines Inc.,D,2025,1
44625.24,79218.24,17677.89,19560.76,116483.58,19.74,3.59,17682.23,1,6,614,SY,Sun Country Airlines d/b/a MN Airlines,D,2025,4
44877.00,118583.00,28399.00,39706.00,173585.00,29.00,4.05,20055.05,1,6,723,DL,Delta Air Lines Inc.,D,2025,3
45609.00,90874.00,14475.00,23854.00,131062.00,10.52,1.06,23381.39,2,6,683,FX,Federal Express Corporation,D,2025,2
45841.70,101489.36,8814.16,17120.86,126390.11,25.25,2.28,18201.56,1,6,839,UA,United Air Lines Inc.,L,2025,4
45905.03,96729.01,83992.48,93339.95,205256.81,28.62,3.28,19757.93,1,6,612,UA,United Air Lines Inc.,D,2025,3
45960.37,79276.57,28396.32,34120.74,120538.11,17.97,1.55,19711.62,1,6,622,UA,United Air Lines Inc.,D,2025,3
46006.04,68155.95,13378.44,15813.38,91426.72,7.44,0.60,19254.64,1,6,637,UA,United Air Lines Inc.,A,2025,4
46565.64,98993.76,12662.46,20687.30,122785.99,26.12,2.91,18970.79,1,6,721,UA,United Air Lines Inc.,D,2025,1
47012.22,83310.96,11175.29,12558.07,115122.71,20.51,3.81,18648.32,1,6,614,SY,Sun Country Airlines d/b/a MN Airlines,D,2025,3
47022.05,94771.55,63498.69,67022.64,175598.13,12.80,1.05,20180.85,1,6,887,UA,United Air Lines Inc.,A,2025,2
47099.75,103041.12,76089.48,86850.99,196852.50,16.47,6.36,17189.89,2,6,622,5X,United Parcel Service,D,2025,2
47134.16,103978.57,76707.49,86990.67,197728.71,15.80,6.16,19164.34,2,6,622,5X,United Parcel Service,D,2025,3
47370.70,98369.08,68376.86,77091.40,182106.20,14.61,6.19,18047.48,2,6,622,5X,United Parcel Service,D,2025,1
47428.78,114867.28,34785.02,50601.83,176804.76,24.43,2.69,19717.44,1,6,838,AA,American Airlines Inc.,L,2025,1
47500.96,117652.40,14390.60,14390.60,139818.22,24.33,3.72,21121.33,1,6,721,NK,Spirit Air Lines,D,2025,2
47521.00,91472.00,16754.00,28221.00,135604.00,10.21,1.03,23075.16,2,6,683,FX,Federal Express Corporation,D,2025,3
47860.49,98124.90,8611.82,15645.62,121456.45,23.82,1.83,20211.46,1,6,839,UA,United Air Lines Inc.,L,2025,2
48124.00,84758.00,9120.00,13648.00,104469.00,10.76,0.89,21301.87,1,6,696,DL,Delta Air Lines Inc.,A,2025,4
48508.54,84778.17,15348.53,17559.82,121590.66,22.31,3.79,19930.79,1,6,614,SY,Sun Country Airlines d/b/a MN Airlines,D,2025,2
49412.00,84637.00,9911.00,14280.00,104750.00,11.19,0.93,22409.32,1,6,696,DL,Delta Air Lines Inc.,A,2025,2
49730.48,101550.33,17330.49,17330.49,119841.08,5.65,0.83,19660.42,2,8,819,N8,National Air Cargo Group Inc d/ba National Airlines,I,2025,3
49837.00,93956.00,28966.00,30711.00,131955.00,15.84,1.54,47589.42,1,6,696,HA,Hawaiian Airlines Inc.,D,2025,3
50269.84,125932.85,16762.46,16762.46,150603.69,24.72,4.05,21728.43,1,6,721,NK,Spirit Air Lines,D,2025,3
50960.70,112262.75,9234.55,14545.84,129294.35,25.76,3.09,17979.52,1,6,724,MX,Breeze Aviation Group DBA  Breeze,D,2025,1
51357.65,86667.02,7494.32,11317.75,110884.60,11.04,0.91,20475.71,1,6,837,UA,United Air Lines Inc.,A,2025,1
51472.00,113540.00,48605.00,82937.00,202235.00,9.56,1.90,22488.20,2,7,740,FX,Federal Express Corporation,D,2025,1
51482.21,82429.25,45433.49,51409.19,149495.42,8.94,3.52,19108.40,2,7,740,5X,United Parcel Service,D,2025,2
51980.86,99521.51,61343.12,65110.82,178733.70,13.26,1.06,21406.19,1,6,887,UA,United Air Lines Inc.,A,2025,3
52114.00,97075.00,28347.00,30100.00,135497.00,16.23,1.57,46103.12,1,6,696,HA,Hawaiian Airlines Inc.,D,2025,4
52388.51,78596.55,15385.11,19323.49,103728.08,6.51,0.59,18778.74,2,8,821,5X,United Parcel Service,D,2025,2
52397.91,117726.04,9630.02,15151.38,136923.71,28.95,3.43,20783.66,1,6,724,MX,Breeze Aviation Group DBA  Breeze,D,2025,2
52784.00,98324.00,28711.00,30488.00,137240.00,16.44,1.63,15090.71,1,6,721,HA,Hawaiian Airlines Inc.,D,2025,4
53256.00,100401.00,30953.00,32817.00,141006.00,16.92,1.64,15427.56,1,6,721,HA,Hawaiian Airlines Inc.,D,2025,3
53353.49,108156.07,7922.93,16259.29,134044.76,24.69,2.35,20791.77,1,6,839,UA,United Air Lines Inc.,L,2025,1
53763.23,115850.61,8622.52,18334.34,144437.15,31.61,2.56,23100.46,1,6,838,UA,United Air Lines Inc.,L,2025,2
54307.31,96849.27,39086.02,46008.11,152472.80,21.68,2.07,24243.02,1,6,622,UA,United Air Lines Inc.,D,2025,2
54392.39,102690.06,24691.29,35916.55,146663.91,9.81,1.02,22592.17,1,6,627,AA,American Airlines Inc.,L,2025,1
54534.85,115209.11,10815.39,20893.49,146192.49,31.71,2.76,21979.03,1,6,838,UA,United Air Lines Inc.,L,2025,4
54586.81,82614.29,3076.44,5786.21,97326.65,9.38,0.70,23916.60,1,6,637,UA,United Air Lines Inc.,A,2025,2
55087.00,106162.00,16016.00,28797.00,151199.00,11.11,1.05,25448.40,2,6,683,FX,Federal Express Corporation,D,2025,4
55164.86,112127.01,29034.75,42295.23,163919.69,13.41,1.33,22951.06,1,6,887,AA,American Airlines Inc.,A,2025,1
55181.15,87266.94,46094.56,51973.74,153849.70,8.90,2.39,22266.95,2,7,740,5X,United Parcel Service,D,2025,3
55366.99,116576.91,8289.37,18034.60,144696.42,32.45,2.43,22679.25,1,6,838,UA,United Air Lines Inc.,L,2025,3
56663.73,104333.91,8513.34,16309.22,128078.23,8.06,0.74,25109.57,2,8,819,5Y,Atlas Air Inc.,D,2025,2
56832.00,96063.00,12304.00,17203.00,119894.00,12.56,0.94,25397.69,1,6,696,DL,Delta Air Lines Inc.,A,2025,3
57000.02,85095.63,16948.67,21014.80,111990.54,6.76,0.65,23002.27,2,8,821,5X,United Parcel Service,D,2025,3
57019.80,122434.90,21240.07,30985.06,157213.34,35.22,2.91,25493.13,1,6,721,UA,United Air Lines Inc.,D,2025,2
57457.00,98306.00,11045.00,15914.00,120721.00,12.49,0.93,26057.84,1,6,359,DL,Delta Air Lines Inc.,A,2025,2
57457.52,104139.60,7184.59,15008.80,126462.80,7.73,0.68,24261.49,2,8,819,5Y,Atlas Air Inc.,D,2025,3
57644.04,95983.53,14005.43,16097.99,129666.99,24.43,3.42,21800.77,1,6,614,SY,Sun Country Airlines d/b/a MN Airlines,D,2025,1
57788.38,119945.90,92054.60,103536.32,230356.11,18.40,6.30,22056.37,2,6,622,5X,United Parcel Service,D,2025,4
57959.07,90240.41,42681.88,48265.10,158475.64,9.28,2.58,22155.81,2,7,740,5X,United Parcel Service,D,2025,1
57961.17,105006.92,23005.46,23005.46,128739.01,6.95,0.83,23970.58,2,8,819,N8,National Air Cargo Group Inc d/ba National Airlines,I,2025,4
58050.36,103155.48,8662.69,16896.48,128027.79,9.51,0.91,29512.97,2,8,819,5Y,Atlas Air Inc.,D,2025,1
58249.97,132238.13,11506.37,19791.59,157145.96,29.71,3.73,21334.76,1,6,724,MX,Breeze Aviation Group DBA  Breeze,D,2025,3
58592.91,97030.36,17402.46,21185.72,127134.86,13.97,1.18,23808.23,1,6,624,UA,United Air Lines Inc.,A,2025,4
59651.92,120920.64,8601.92,8601.92,133338.42,6.34,0.81,20648.08,2,8,819,N8,National Air Cargo Group Inc d/ba National Airlines,I,2025,1
60025.44,98328.16,22362.54,26102.05,133592.93,14.38,1.21,24713.13,1,6,624,UA,United Air Lines Inc.,A,2025,3
60085.94,128894.35,13378.46,13378.46,146313.01,7.27,0.82,23636.85,2,8,819,N8,National Air Cargo Group Inc d/ba National Airlines,I,2025,2
60091.92,98683.05,29779.45,36215.92,143391.02,21.37,1.84,24496.99,1,6,622,UA,United Air Lines Inc.,A,2025,3
60465.16,123761.38,30460.49,37315.79,183803.19,25.79,3.74,23721.13,1,6,724,B6,JetBlue Airways,D,2025,1
60693.84,112057.13,25815.51,31846.27,152243.87,15.42,1.65,28957.22,1,6,696,HA,Hawaiian Airlines Inc.,D,2025,2
60924.76,103681.10,27671.17,31502.69,144168.97,15.46,1.20,26216.10,1,6,624,UA,United Air Lines Inc.,A,2025,2
61309.68,132462.98,35865.41,52308.82,195999.65,13.80,1.17,26209.28,1,6,889,AA,American Airlines Inc.,P,2025,4
61551.00,103825.00,12727.00,17795.00,128476.00,13.01,0.93,27506.76,1,6,359,DL,Delta Air Lines Inc.,A,2025,3
61848.00,127008.00,26266.00,37057.00,178934.00,25.10,3.21,25175.70,1,6,888,DL,Delta Air Lines Inc.,L,2025,1
62116.26,91596.93,18527.53,22530.59,120513.25,7.26,0.71,23582.02,2,8,821,5X,United Parcel Service,D,2025,1
62207.29,91345.88,11686.96,14661.39,115451.27,10.14,0.74,26365.45,1,6,637,UA,United Air Lines Inc.,A,2025,3
62346.45,107346.09,8061.40,12699.52,133618.93,14.53,1.07,24734.01,1,6,889,UA,United Air Lines Inc.,A,2025,1
62415.24,124428.32,29265.83,36304.45,183741.95,28.56,3.76,26661.78,1,6,724,B6,JetBlue Airways,D,2025,2
62789.51,116409.13,28765.90,41034.32,166053.14,25.92,4.03,27368.42,1,6,694,AA,American Airlines Inc.,D,2025,3
62881.00,112809.00,15042.00,21673.00,143335.00,16.99,1.38,28518.14,1,6,626,DL,Delta Air Lines Inc.,A,2025,2
63379.21,136163.80,36440.12,52763.90,200926.81,15.41,1.38,28706.46,1,6,889,AA,American Airlines Inc.,A,2025,2
63446.58,98107.52,8140.26,15594.52,124631.88,14.87,1.21,46314.04,2,8,821,5Y,Atlas Air Inc.,I,2025,2
63600.36,121277.52,28956.12,42165.40,172475.77,26.47,4.18,27161.11,1,6,694,AA,American Airlines Inc.,D,2025,4
64515.27,149220.64,43434.32,63246.03,226692.46,31.75,3.49,26806.60,1,6,838,AA,American Airlines Inc.,D,2025,1
65232.01,118555.72,10209.78,18828.07,145948.92,8.79,0.72,27157.88,2,8,819,5Y,Atlas Air Inc.,D,2025,4
65564.70,162393.46,19863.08,19863.08,192988.53,33.58,5.14,29982.84,1,6,694,NK,Spirit Air Lines,D,2025,2
65713.00,117767.00,13151.00,19679.00,146188.00,15.52,1.55,29087.30,1,6,624,DL,Delta Air Lines Inc.,A,2025,4
65829.75,120877.78,22156.93,31629.32,160979.88,15.17,1.59,27661.27,1,6,696,HA,Hawaiian Airlines Inc.,D,2025,1
65859.65,88298.61,17408.24,21739.29,116284.20,7.50,0.69,24874.08,2,8,821,5X,United Parcel Service,D,2025,4
66016.27,139129.75,13376.80,26207.89,172174.73,33.59,4.17,23842.09,1,6,724,MX,Breeze Aviation Group DBA  Breeze,D,2025,4
66458.43,166487.49,22160.54,22160.54,199103.18,32.68,5.35,29660.98,1,6,694,NK,Spirit Air Lines,D,2025,3
66491.58,142945.12,33802.54,40833.74,208357.76,28.32,4.17,27475.86,1,6,724,B6,JetBlue Airways,D,2025,3
66548.44,123556.26,29098.39,42336.92,175363.67,10.38,1.02,27692.45,1,6,637,AA,American Airlines Inc.,A,2025,1
66884.45,167554.72,22302.59,22302.59,200379.49,32.89,5.39,25271.90,1,6,722,NK,Spirit Air Lines,D,2025,3
67040.86,138909.22,36350.51,52845.89,203034.53,15.07,1.28,28633.88,1,6,889,AA,American Airlines Inc.,A,2025,4
67149.06,102437.09,6885.30,14383.57,126421.49,15.40,1.25,48399.87,2,8,821,5Y,Atlas Air Inc.,I,2025,3
67521.84,130024.10,31806.89,46324.74,186762.87,28.28,4.18,28071.15,1,6,694,AA,American Airlines Inc.,D,2025,1
67536.00,113262.00,17489.00,24452.00,147133.00,17.86,1.37,30181.25,1,6,626,DL,Delta Air Lines Inc.,D,2025,3
68164.00,151979.00,28950.00,41712.00,210728.00,32.70,4.70,30913.90,1,6,698,DL,Delta Air Lines Inc.,D,2025,2
68365.52,134757.32,43997.01,52639.18,213854.38,29.07,3.63,27834.86,1,6,694,B6,JetBlue Airways,L,2025,4
68539.23,130989.69,30915.72,44828.04,186035.50,30.38,4.14,30983.72,1,6,694,AA,American Airlines Inc.,D,2025,2
69026.27,117221.70,13877.54,18701.93,153565.86,16.41,1.25,29854.31,1,6,837,UA,United Air Lines Inc.,A,2025,2
69283.16,142392.95,35797.21,46709.58,218369.25,38.96,5.41,29169.15,1,6,694,UA,United Air Lines Inc.,D,2025,4
69542.48,103820.34,20678.10,25638.96,136633.28,8.42,0.79,29941.57,2,8,821,5X,United Parcel Service,A,2025,3
69598.00,151177.00,31510.00,44455.00,213469.00,30.11,4.61,28330.30,1,6,698,DL,Delta Air Lines Inc.,D,2025,1
69640.00,152295.00,31797.00,44457.00,213876.00,32.46,4.71,31121.62,1,6,698,DL,Delta Air Lines Inc.,D,2025,3
69735.00,162584.00,27701.00,41453.00,222451.00,32.69,4.71,30867.63,1,6,698,DL,Delta Air Lines Inc.,D,2025,4
70565.09,104055.61,21047.58,25595.12,136905.04,8.49,0.80,29270.47,2,8,821,5X,United Parcel Service,A,2025,1
71129.62,143837.74,17381.37,28049.04,176261.82,40.78,2.91,30137.99,1,6,721,UA,United Air Lines Inc.,D,2025,3
71207.32,177613.69,25639.83,25639.83,217989.03,34.18,5.29,30695.99,1,6,694,NK,Spirit Air Lines,D,2025,4
71940.63,129728.54,69457.96,79961.83,231231.12,16.17,4.50,28937.42,2,6,691,5X,United Parcel Service,D,2025,3
72490.15,131249.11,63962.49,75254.84,228127.67,17.31,4.73,26581.72,2,6,691,5X,United Parcel Service,D,2025,2
72815.75,156824.25,36807.28,46250.70,231065.09,31.77,4.68,29646.76,1,6,724,B6,JetBlue Airways,D,2025,4
73265.24,129185.82,45334.95,54926.10,196540.52,28.38,2.74,30772.96,1,6,622,UA,United Air Lines Inc.,D,2025,4
73319.91,109018.59,8898.62,17366.43,135916.44,11.59,1.12,35751.64,2,8,821,5Y,Atlas Air Inc.,I,2025,1
73378.00,163701.00,27154.00,40634.00,222385.00,32.04,4.15,32480.25,1,6,694,DL,Delta Air Lines Inc.,D,2025,4
73405.87,110128.12,21557.34,27075.75,145341.99,9.33,0.83,30507.16,2,8,821,5X,United Parcel Service,A,2025,2
73410.09,178270.58,24176.62,24176.62,215372.15,35.39,5.19,31923.46,1,6,694,NK,Spirit Air Lines,D,2025,1
73930.93,154089.21,43208.55,61574.11,228504.43,32.27,4.25,32175.54,1,6,614,AA,American Airlines Inc.,L,2025,3
74388.37,122585.77,11729.11,16283.88,155730.81,16.49,1.22,30423.62,1,6,837,UA,United Air Lines Inc.,A,2025,4
75001.00,100554.49,19824.51,24756.71,132424.50,8.77,0.79,30573.70,2,8,821,5X,United Parcel Service,A,2025,4
75165.80,112618.05,9115.32,16809.77,139562.45,16.31,1.24,50994.31,2,8,821,5Y,Atlas Air Inc.,I,2025,4
76714.72,152749.33,51939.18,60092.19,240543.08,32.98,3.96,32770.06,1,6,694,B6,JetBlue Airways,L,2025,2
76801.84,138635.90,56872.82,69563.95,223077.07,29.00,3.17,31569.75,1,6,622,UA,United Air Lines Inc.,D,2025,1
77228.00,175240.00,35993.00,50780.00,246397.00,34.39,7.20,31436.38,1,6,608,DL,Delta Air Lines Inc.,D,2025,1
77310.20,164905.97,47567.08,62618.50,257153.52,43.15,5.74,31693.87,1,6,694,UA,United Air Lines Inc.,D,2025,1
77539.17,132011.43,9507.74,14823.67,163469.13,19.23,1.25,33260.09,1,6,889,UA,United Air Lines Inc.,A,2025,2
78050.00,133634.00,17913.00,25045.00,168327.00,18.29,1.49,34880.09,1,6,624,DL,Delta Air Lines Inc.,A,2025,3
79074.00,154350.00,66574.00,82584.00,255246.00,35.00,4.74,31464.00,1,6,614,AS,Alaska Airlines Inc.,D,2025,1
79106.00,134091.00,18072.00,25496.00,169818.00,17.27,1.49,32200.82,1,6,624,DL,Delta Air Lines Inc.,A,2025,1
79211.00,184470.00,34487.00,49690.00,254457.00,38.95,7.20,35924.10,1,6,608,DL,Delta Air Lines Inc.,D,2025,2
79403.26,162186.00,41802.95,60651.57,235785.07,19.28,1.98,33826.03,1,6,887,AA,American Airlines Inc.,A,2025,4
79687.37,164097.08,20305.48,32332.24,201551.67,45.75,5.06,33471.95,1,6,721,UA,United Air Lines Inc.,D,2025,4
79954.82,185868.19,53020.06,76830.47,280196.60,42.67,4.51,36166.96,1,6,838,AA,American Airlines Inc.,D,2025,2
80143.00,167910.00,34055.00,47614.00,233865.00,34.77,4.38,35815.58,1,6,694,DL,Delta Air Lines Inc.,D,2025,3
80313.26,140324.91,72586.21,82987.17,244716.73,17.64,4.67,30743.85,2,6,691,5X,United Parcel Service,D,2025,1
80507.82,150322.09,35183.91,51121.46,212336.68,12.65,1.17,34400.28,1,6,637,AA,American Airlines Inc.,A,2025,4
81250.00,141102.00,17313.00,24945.00,176236.00,19.56,1.57,36848.80,1,6,624,DL,Delta Air Lines Inc.,A,2025,2
81603.12,215073.69,15479.96,29814.04,251710.74,35.69,4.50,32115.54,1,6,721,F9,Frontier Airlines Inc.,D,2025,2
82062.24,198294.98,14916.85,29724.02,234013.89,33.43,4.07,29204.02,1,6,721,F9,Frontier Airlines Inc.,D,2025,1
82203.00,199963.00,33442.00,50044.00,272238.00,39.46,7.20,36386.49,1,6,608,DL,Delta Air Lines Inc.,D,2025,4
82609.00,140804.00,19871.00,28630.00,181129.00,22.44,1.89,37464.97,1,6,626,DL,Delta Air Lines Inc.,D,2025,2
82646.63,161584.22,50893.77,59612.69,249224.53,33.31,3.99,32423.16,1,6,694,B6,JetBlue Airways,L,2025,1
82689.00,188939.00,38661.00,54054.00,263814.00,39.47,7.20,36953.30,1,6,608,DL,Delta Air Lines Inc.,D,2025,3
82692.74,137738.81,11480.23,17226.77,171538.52,19.38,1.32,33655.70,1,6,889,UA,United Air Lines Inc.,A,2025,4
83069.56,165162.50,44284.51,56840.47,248055.62,45.90,6.23,34893.96,1,6,694,UA,United Air Lines Inc.,D,2025,3
83182.43,206029.80,25200.44,25200.44,244845.99,42.61,6.52,32888.14,1,6,722,NK,Spirit Air Lines,D,2025,2
83514.72,180315.58,48199.85,69896.86,266157.13,38.97,4.85,37730.91,1,6,614,AA,American Airlines Inc.,L,2025,2
83822.00,179359.00,33147.00,47759.00,246627.00,37.44,4.60,38015.30,1,6,694,DL,Delta Air Lines Inc.,D,2025,2
84287.95,138907.86,12424.15,17412.86,175083.74,18.90,1.33,35115.91,1,6,837,UA,United Air Lines Inc.,A,2025,3
84657.59,178498.11,36931.97,50893.90,275135.58,50.77,6.83,35881.12,1,6,698,UA,United Air Lines Inc.,D,2025,4
85432.00,148070.00,19312.00,28900.00,189808.00,22.79,2.25,37815.73,1,6,626,DL,Delta Air Lines Inc.,D,2025,4
85568.02,147444.02,79588.56,91061.63,260075.78,18.38,4.66,32743.97,2,6,691,5X,United Parcel Service,D,2025,4
86981.48,183967.40,57997.84,72525.21,286485.13,51.24,6.29,38614.64,1,6,694,UA,United Air Lines Inc.,D,2025,2
86982.23,165102.16,58486.60,67259.97,262624.77,35.41,4.28,35943.07,1,6,694,B6,JetBlue Airways,L,2025,3
87146.17,205107.02,59799.52,86979.78,310691.53,43.95,5.05,37203.74,1,6,838,AA,American Airlines Inc.,D,2025,4
87692.28,140203.51,6103.90,10009.59,162921.41,14.67,1.10,39494.26,1,6,637,UA,United Air Lines Inc.,P,2025,2
87828.67,223228.61,17918.01,35523.06,266881.20,35.46,4.91,32522.62,1,6,721,F9,Frontier Airlines Inc.,D,2025,3
88122.00,184381.00,37137.00,52394.00,257799.00,35.49,4.87,35870.53,1,6,694,DL,Delta Air Lines Inc.,D,2025,1
88226.99,236714.79,21412.55,38538.36,284228.05,11.53,7.30,38980.02,1,6,722,F9,Frontier Airlines Inc.,D,2025,4
88290.47,195371.01,53870.35,78664.45,290967.26,39.95,5.23,37731.63,1,6,614,AA,American Airlines Inc.,L,2025,4
88572.27,129997.35,32534.18,38114.27,181841.33,17.79,2.22,37113.15,1,6,627,UA,United Air Lines Inc.,D,2025,4
88732.86,225526.74,18102.47,35888.76,269628.73,47.33,7.09,38851.07,1,6,722,F9,Frontier Airlines Inc.,D,2025,3
88920.89,204603.62,62571.00,89277.72,312640.19,45.34,5.01,38771.10,1,6,838,AA,American Airlines Inc.,D,2025,3
89876.55,186291.98,52039.61,74236.54,276114.89,20.61,1.69,39195.48,1,6,889,AA,American Airlines Inc.,A,2025,3
89966.00,177873.00,45326.00,57493.00,253893.00,40.72,4.99,36541.00,1,6,614,AS,Alaska Airlines Inc.,D,2025,4
90290.92,242252.38,21913.46,39439.91,290877.13,48.44,5.36,33937.35,1,6,721,F9,Frontier Airlines Inc.,D,2025,4
90742.00,193931.00,40287.00,56838.00,273575.00,38.50,5.42,36937.05,1,6,614,DL,Delta Air Lines Inc.,D,2025,1
90889.00,167806.00,21931.00,110878.00,305324.00,16.43,1.66,38972.44,2,6,683,FX,Federal Express Corporation,A,2025,1
91070.84,240026.86,17275.96,33273.11,280914.59,52.61,7.33,41922.30,1,6,722,F9,Frontier Airlines Inc.,D,2025,2
91463.00,176361.00,20616.00,94637.00,299338.00,18.25,1.80,43723.52,2,6,683,FX,Federal Express Corporation,A,2025,2
91668.00,200673.00,38021.00,54782.00,277831.00,42.94,5.66,41573.59,1,6,614,DL,Delta Air Lines Inc.,D,2025,2
92184.94,141888.22,17975.27,21980.34,176199.08,13.24,0.97,39276.67,1,6,637,UA,United Air Lines Inc.,P,2025,3
93259.10,207951.44,52742.06,69039.20,319999.92,57.81,6.98,41563.84,1,6,698,UA,United Air Lines Inc.,D,2025,2
93724.00,179758.00,52108.00,64104.00,262448.00,45.49,4.85,40672.00,1,6,614,AS,Alaska Airlines Inc.,D,2025,2
94590.71,229706.03,31152.17,31152.17,277512.32,45.60,6.69,35013.65,1,6,722,NK,Spirit Air Lines,D,2025,1
95423.00,169640.00,24709.00,34547.00,217495.00,25.23,1.94,42644.11,1,6,626,DL,Delta Air Lines Inc.,A,2025,3
96006.09,168484.91,26735.05,32517.49,214019.65,19.27,1.35,43401.56,1,6,627,UA,United Air Lines Inc.,P,2025,2
96009.03,134934.20,25551.25,31473.17,179876.72,19.50,2.26,40889.17,1,6,627,UA,United Air Lines Inc.,D,2025,3
96123.00,181678.00,61035.00,76178.00,276903.00,43.71,5.04,39526.00,1,6,614,AS,Alaska Airlines Inc.,D,2025,3
96438.24,200007.81,51621.14,74803.64,291848.79,25.96,2.26,43619.14,1,6,887,AA,American Airlines Inc.,A,2025,2
96512.19,158860.05,9521.20,15269.27,193178.12,22.88,1.39,39674.37,1,6,889,UA,United Air Lines Inc.,A,2025,3
96607.01,203289.98,40387.48,55823.63,301836.31,57.46,6.95,41447.73,1,6,698,UA,United Air Lines Inc.,D,2025,3
96842.86,232687.20,27178.94,46274.93,302344.59,60.13,5.72,39642.50,1,6,839,UA,United Air Lines Inc.,D,2025,1
96996.85,218499.35,41015.77,59127.97,323579.43,57.09,7.08,39959.48,1,6,698,UA,United Air Lines Inc.,D,2025,1
97044.00,167939.00,22726.00,32063.00,212868.00,21.72,1.74,39502.62,1,6,339,DL,Delta Air Lines Inc.,A,2025,1
97341.00,222493.00,37652.00,56345.00,303867.00,44.43,5.59,43087.46,1,6,614,DL,Delta Air Lines Inc.,D,2025,4
98861.00,161950.00,20428.00,28820.00,202333.00,19.52,1.75,40242.12,1,6,687,DL,Delta Air Lines Inc.,A,2025,1
99205.39,150495.29,29174.10,36071.28,201406.77,21.73,2.35,44617.26,1,6,627,UA,United Air Lines Inc.,D,2025,2
99388.85,185398.18,42609.54,61758.00,261238.08,16.69,1.44,44912.03,1,6,637,AA,American Airlines Inc.,A,2025,2
99566.09,240591.24,18098.61,36064.15,283928.97,53.60,7.34,42299.68,1,6,722,F9,Frontier Airlines Inc.,D,2025,1
99614.43,149447.84,29254.09,36742.76,197234.33,12.60,1.13,36964.51,2,8,821,5X,United Parcel Service,P,2025,2
100257.00,186564.00,27305.00,57455.00,273324.00,18.81,1.86,45687.54,2,6,683,FX,Federal Express Corporation,A,2025,3
100371.99,179649.78,14357.56,23455.92,227085.79,26.78,2.73,41143.21,1,6,626,UA,United Air Lines Inc.,A,2025,1
100415.42,151617.64,82902.61,95232.37,261993.01,17.97,1.91,61920.80,2,8,819,KAQ,Kalitta Air LLC,I,2025,1
100758.00,166472.00,25770.00,36357.00,217418.00,24.63,2.77,41014.21,1,6,626,DL,Delta Air Lines Inc.,D,2025,1
100839.00,216197.00,44859.00,62720.00,303076.00,45.80,5.84,45064.44,1,6,614,DL,Delta Air Lines Inc.,D,2025,3
102427.85,157435.84,26191.68,31024.97,202516.49,14.03,1.13,41742.68,1,6,637,UA,United Air Lines Inc.,P,2025,4
102985.53,177588.24,37734.07,49729.53,263283.16,42.22,7.71,40131.50,1,6,694,G4,Allegiant Air,D,2025,3
103136.76,170802.34,35069.17,47530.23,252551.55,42.83,7.43,39468.32,1,6,694,G4,Allegiant Air,D,2025,4
103884.40,169380.91,22860.85,28784.96,211305.92,19.05,1.33,45007.86,1,6,627,UA,United Air Lines Inc.,P,2025,3
105058.63,154919.95,31336.03,38106.50,203826.78,12.47,1.19,41135.22,2,8,821,5X,United Parcel Service,P,2025,1
105338.00,199270.00,24788.00,56544.00,284289.00,19.48,1.81,46179.09,2,6,683,FX,Federal Express Corporation,A,2025,4
106045.47,203795.39,17262.75,30543.58,247500.99,46.27,4.60,43176.17,1,6,699,B6,JetBlue Airways,D,2025,4
106492.10,156544.11,70800.01,82267.13,253813.16,17.59,1.92,62217.22,2,8,819,KAQ,Kalitta Air LLC,I,2025,2
107386.04,207813.06,14813.26,26359.37,247019.72,45.80,4.40,42128.69,1,6,699,B6,JetBlue Airways,D,2025,1
108830.00,220255.00,20536.00,33842.00,328941.00,33.14,9.50,53488.45,2,6,626,FX,Federal Express Corporation,D,2025,2
109253.88,200363.78,48882.54,69738.55,284748.22,17.37,1.46,47635.69,1,6,637,AA,American Airlines Inc.,A,2025,3
109358.00,188122.00,19737.00,29535.00,230777.00,23.29,1.99,48406.44,1,6,687,DL,Delta Air Lines Inc.,A,2025,4
109705.20,163145.16,24030.51,32448.24,212320.61,21.43,2.43,45262.34,1,6,627,UA,United Air Lines Inc.,D,2025,1
111037.37,241206.22,66806.33,97219.12,360259.21,48.61,6.39,46137.61,1,6,614,AA,American Airlines Inc.,L,2025,1
111091.30,219278.20,15228.43,27461.80,260337.41,50.84,4.70,47454.63,1,6,699,B6,JetBlue Airways,D,2025,2
111339.00,234740.00,14913.00,18499.00,275468.00,57.20,5.55,45612.00,1,6,839,AS,Alaska Airlines Inc.,D,2025,1
112392.72,191157.98,30640.52,41493.22,268678.70,50.03,7.74,46337.62,1,6,694,G4,Allegiant Air,D,2025,2
113911.99,231889.06,63613.57,90767.83,341737.32,28.98,2.51,49685.05,1,6,887,AA,American Airlines Inc.,A,2025,3
115011.00,223506.00,22160.00,37328.00,337289.00,32.86,9.75,53793.04,2,6,626,FX,Federal Express Corporation,D,2025,3
115170.97,171939.35,34245.50,42461.29,226281.65,13.91,1.32,47271.65,2,8,821,5X,United Parcel Service,P,2025,3
116485.34,218137.63,16950.78,28781.34,260264.08,49.59,4.59,48134.44,1,6,699,B6,JetBlue Airways,D,2025,3
116596.00,223532.00,20648.00,35233.00,329701.00,32.14,8.96,51304.26,2,6,626,FX,Federal Express Corporation,D,2025,1
117234.00,234752.00,35669.00,53377.00,311839.00,42.09,5.90,51892.79,1,6,622,DL,Delta Air Lines Inc.,D,2025,4
117885.00,226970.00,31785.00,58051.00,322693.00,24.26,2.44,58541.60,2,6,683,FX,Federal Express Corporation,P,2025,2
118154.39,207980.52,30618.56,42239.53,286337.72,49.70,7.68,45234.61,1,6,694,G4,Allegiant Air,D,2025,1
119634.68,210708.49,31477.42,39852.48,268052.10,22.40,1.75,50375.93,1,6,627,UA,United Air Lines Inc.,P,2025,1
120765.43,235636.40,64291.76,84450.84,336117.81,31.50,5.05,43744.90,2,6,626,5X,United Parcel Service,D,2025,2
122487.14,164219.57,32376.20,40431.17,216267.76,14.25,1.28,47361.00,2,8,821,5X,United Parcel Service,P,2025,4
122497.44,235319.73,57661.12,83898.74,338033.78,22.99,2.40,50907.98,1,6,627,AA,American Airlines Inc.,A,2025,1
122665.00,266728.00,58508.00,82544.00,382392.00,55.91,5.58,49931.83,1,6,721,DL,Delta Air Lines Inc.,D,2025,1
122917.51,217719.28,20794.95,29876.10,273638.65,34.97,3.00,53273.47,1,6,626,UA,United Air Lines Inc.,A,2025,2
123180.00,239021.00,39811.00,57360.00,319811.00,44.96,5.86,55865.16,1,6,622,DL,Delta Air Lines Inc.,D,2025,2
123330.21,300194.76,33887.63,54307.09,380749.27,81.34,6.24,55307.57,1,6,839,UA,United Air Lines Inc.,D,2025,2
124210.61,233297.55,60660.70,77793.37,326259.32,29.49,5.70,46905.38,2,6,626,5X,United Parcel Service,D,2025,1
125038.00,257540.00,15961.00,19636.00,302864.00,69.84,6.44,55817.00,1,6,839,AS,Alaska Airlines Inc.,D,2025,2
125180.57,202610.33,21229.03,28055.75,248733.86,19.36,1.51,51331.99,1,6,637,UA,United Air Lines Inc.,P,2025,1
126832.06,249425.46,17029.20,27564.80,305138.70,30.23,2.22,52852.97,1,6,889,UA,United Air Lines Inc.,P,2025,1
129126.04,247126.06,59503.75,86451.32,352011.72,24.04,2.51,55149.30,1,6,627,AA,American Airlines Inc.,A,2025,4
129218.00,274979.00,25484.00,32325.00,333863.00,66.36,6.58,53200.00,1,6,839,AS,Alaska Airlines Inc.,D,2025,4
129321.00,228542.00,26623.00,37560.00,281174.00,25.44,2.15,52641.03,1,6,359,DL,Delta Air Lines Inc.,P,2025,1
129960.03,216735.72,46051.86,53630.07,288219.10,23.14,1.73,54253.53,1,6,627,UA,United Air Lines Inc.,P,2025,4
130821.60,225165.93,27316.00,38442.72,282703.05,34.82,3.10,53712.19,1,6,626,UA,United Air Lines Inc.,A,2025,4
130831.00,247540.00,45480.00,63588.00,335623.00,46.43,5.88,58467.46,1,6,622,DL,Delta Air Lines Inc.,D,2025,3
131708.00,251411.00,19561.00,35171.00,364043.00,36.90,9.94,59953.36,2,6,626,FX,Federal Express Corporation,D,2025,4
131892.00,243901.00,40909.00,73154.00,356316.00,25.19,2.54,61881.80,2,6,683,FX,Federal Express Corporation,P,2025,3
132062.00,242337.00,59742.00,74110.00,345657.00,56.12,6.25,52048.00,1,6,888,AS,Alaska Airlines Inc.,D,2025,1
132807.00,244666.00,38828.00,71619.00,356743.00,24.95,2.56,59497.23,2,6,683,FX,Federal Express Corporation,P,2025,1
133622.00,238805.00,25681.00,37002.00,290920.00,29.01,2.18,60600.72,1,6,359,DL,Delta Air Lines Inc.,P,2025,2
133768.28,261850.54,21553.08,31458.25,323173.46,34.57,2.25,60985.71,1,6,889,UA,United Air Lines Inc.,P,2025,2
134589.00,254999.00,46506.00,65611.00,346937.00,44.44,5.89,54785.61,1,6,622,DL,Delta Air Lines Inc.,D,2025,1
134825.70,259868.62,64167.19,85031.57,361211.99,32.94,6.21,53652.21,2,6,626,5X,United Parcel Service,D,2025,3
135098.00,299959.00,60161.00,86681.00,422046.00,67.95,6.02,61269.97,1,6,721,DL,Delta Air Lines Inc.,D,2025,2
137429.68,233832.86,18499.94,28456.08,287015.20,36.86,3.11,57157.77,1,6,626,UA,United Air Lines Inc.,A,2025,3
139263.83,217475.34,25217.90,34082.46,271067.19,24.78,1.93,56271.70,1,6,627,UA,United Air Lines Inc.,A,2025,1
139980.94,330756.63,31071.61,54663.70,416062.31,94.48,7.66,62029.71,1,6,838,UA,United Air Lines Inc.,D,2025,2
140502.00,283729.00,16314.00,20362.00,331940.00,73.65,6.99,59854.00,1,6,839,AS,Alaska Airlines Inc.,D,2025,3
140515.00,254775.00,76343.00,93917.00,379805.00,65.80,6.75,61059.00,1,6,888,AS,Alaska Airlines Inc.,D,2025,2
142882.03,196127.60,76603.29,89855.12,300658.71,19.82,1.95,70254.01,2,8,819,KAQ,Kalitta Air LLC,I,2025,3
142916.40,266275.92,14601.32,24310.88,319534.36,34.77,2.11,61893.31,1,6,889,UA,United Air Lines Inc.,P,2025,3
143418.90,294879.40,103354.56,119563.38,469567.03,65.63,7.87,61263.95,1,6,694,B6,JetBlue Airways,D,2025,2
144277.00,252746.00,31456.00,45322.00,316580.00,35.53,2.57,65432.70,1,6,339,DL,Delta Air Lines Inc.,A,2025,2
144668.02,343202.01,25381.52,52609.60,426487.35,91.06,8.15,59258.09,1,6,838,UA,United Air Lines Inc.,D,2025,1
144783.00,269303.00,58419.00,74101.00,374167.00,62.53,6.66,58182.00,1,6,888,AS,Alaska Airlines Inc.,D,2025,4
145274.00,337130.00,60629.00,90729.00,468160.00,71.54,6.96,64304.40,1,6,721,DL,Delta Air Lines Inc.,D,2025,4
147334.00,320647.00,70498.00,98567.00,457183.00,71.98,6.67,65842.88,1,6,721,DL,Delta Air Lines Inc.,D,2025,3
147746.48,282831.55,103772.19,119362.95,457334.52,62.89,7.59,61052.26,1,6,694,B6,JetBlue Airways,D,2025,3
148325.00,276109.00,37630.00,71609.00,387109.00,26.95,2.54,66007.36,2,6,683,FX,Federal Express Corporation,P,2025,4
149700.71,364092.83,110478.04,160747.75,560896.50,67.39,6.85,62213.36,1,6,721,AA,American Airlines Inc.,D,2025,1
150330.00,265007.00,31093.00,43473.00,325227.00,31.75,2.27,67181.55,1,6,359,DL,Delta Air Lines Inc.,P,2025,3
150869.84,303544.85,98328.71,115228.23,472924.81,64.35,7.71,59187.86,1,6,694,B6,JetBlue Airways,D,2025,1
151017.57,299479.86,99701.34,119332.53,480466.15,65.89,8.23,61486.46,1,6,694,B6,JetBlue Airways,D,2025,4
151762.11,346229.64,42307.94,65552.72,440210.32,91.55,6.58,65123.21,1,6,839,UA,United Air Lines Inc.,D,2025,3
153210.27,338541.59,78499.33,105979.91,484196.82,82.17,10.26,62958.73,1,6,614,UA,United Air Lines Inc.,D,2025,1
154480.06,274975.45,59425.44,86156.50,380780.83,70.57,10.56,69805.56,1,6,698,AA,American Airlines Inc.,D,2025,2
154585.85,338311.46,97526.09,121719.76,502033.33,89.48,10.51,68836.13,1,6,614,UA,United Air Lines Inc.,D,2025,2
154659.00,255164.00,32011.00,44756.00,317160.00,32.68,2.43,69116.14,1,6,687,DL,Delta Air Lines Inc.,A,2025,3
154954.57,378831.44,113422.33,165133.63,579349.80,70.31,7.20,66165.79,1,6,721,AA,American Airlines Inc.,D,2025,4
155891.70,366686.73,38028.77,63146.99,458535.39,93.16,8.40,65794.99,1,6,839,UA,United Air Lines Inc.,D,2025,4
156021.60,378117.03,111215.71,161203.51,576053.69,74.85,7.07,70549.24,1,6,721,AA,American Airlines Inc.,D,2025,2
156359.00,285496.00,31878.00,47704.00,354391.00,37.61,2.86,69211.12,1,6,339,DL,Delta Air Lines Inc.,A,2025,4
156494.00,261131.00,30091.00,43355.00,322196.00,33.99,2.41,70973.48,1,6,687,DL,Delta Air Lines Inc.,A,2025,2
157446.35,351234.82,38436.59,65179.71,447729.02,98.40,8.56,65725.47,1,6,838,UA,United Air Lines Inc.,D,2025,4
157560.71,281350.44,62877.00,91530.88,393444.23,67.75,10.42,65471.83,1,6,698,AA,American Airlines Inc.,D,2025,1
157940.73,277310.33,63862.81,91114.67,387562.59,68.50,10.97,68864.29,1,6,698,AA,American Airlines Inc.,D,2025,3
158185.00,280453.00,70617.00,88137.00,400614.00,68.23,6.97,64236.00,1,6,888,AS,Alaska Airlines Inc.,D,2025,3
158798.68,212606.01,65475.60,73819.48,300128.02,20.59,1.89,71452.09,2,8,819,KAQ,Kalitta Air LLC,I,2025,4
159399.46,288181.39,64342.50,93690.80,401973.08,69.71,10.77,68014.63,1,6,698,AA,American Airlines Inc.,D,2025,4
159545.72,313525.75,63929.01,86459.39,416895.82,37.06,6.55,59683.71,2,6,626,5X,United Parcel Service,D,2025,4
161605.00,299084.00,29169.00,43650.00,362124.00,34.42,2.74,71533.40,1,6,359,DL,Delta Air Lines Inc.,P,2025,4
162109.13,288067.92,24191.07,47184.43,357525.34,27.06,2.60,83998.46,2,8,819,5Y,Atlas Air Inc.,I,2025,1
163078.29,387117.65,121316.82,173060.06,596498.11,74.34,7.16,71092.67,1,6,721,AA,American Airlines Inc.,D,2025,3
165102.93,362883.83,31002.15,56650.11,451604.27,103.19,7.71,70154.92,1,6,838,UA,United Air Lines Inc.,D,2025,3
166718.86,311226.97,23430.09,34793.51,379409.46,39.04,2.65,70319.60,1,6,889,UA,United Air Lines Inc.,P,2025,4
167627.66,344362.52,100573.52,126327.11,517862.82,91.88,10.84,70416.12,1,6,614,UA,United Air Lines Inc.,D,2025,4
167840.76,255149.15,50322.29,59954.50,338471.37,30.28,2.27,68047.00,1,6,627,UA,United Air Lines Inc.,A,2025,4
171924.03,316560.62,25830.41,49483.99,388603.53,30.33,2.80,94459.82,2,8,819,5Y,Atlas Air Inc.,I,2025,2
173060.80,354851.16,97487.85,123368.09,522992.71,94.68,10.76,73391.81,1,6,614,UA,United Air Lines Inc.,D,2025,3
175689.00,302905.00,41176.00,57571.00,382652.00,42.04,3.01,78514.44,1,6,339,DL,Delta Air Lines Inc.,A,2025,3
184548.32,353581.27,83903.98,121588.85,502867.21,36.72,3.19,83461.42,1,6,627,AA,American Airlines Inc.,A,2025,2
185359.79,373569.69,57647.35,88401.88,505012.63,93.96,10.33,76473.48,1,6,888,UA,United Air Lines Inc.,D,2025,1
187507.53,366181.00,76285.72,104748.16,518355.94,97.31,11.26,79667.47,1,6,888,UA,United Air Lines Inc.,D,2025,4
190623.70,345498.28,23835.93,49793.88,419558.77,32.95,2.91,103430.58,2,8,819,5Y,Atlas Air Inc.,I,2025,3
190680.63,385531.95,72916.88,101139.13,531015.53,105.32,10.59,85799.25,1,6,888,UA,United Air Lines Inc.,D,2025,2
196435.90,357011.83,30745.12,56697.75,439502.12,35.17,2.89,108631.52,2,8,819,5Y,Atlas Air Inc.,I,2025,4
200601.28,385341.43,76852.20,104368.22,535296.63,104.18,10.81,86094.72,1,6,888,UA,United Air Lines Inc.,D,2025,3
202823.83,316593.27,47890.21,58812.49,401872.76,38.95,2.72,88053.84,1,6,627,UA,United Air Lines Inc.,A,2025,2
202879.18,381008.07,95656.34,136442.68,546070.25,38.04,3.23,88421.15,1,6,627,AA,American Airlines Inc.,A,2025,3
220653.25,326876.84,48376.03,60072.21,414988.10,40.62,2.83,91277.29,1,6,627,UA,United Air Lines Inc.,A,2025,3
220942.00,462336.00,93873.00,132438.00,647916.00,89.70,11.46,89935.89,1,6,888,DL,Delta Air Lines Inc.,D,2025,1
233991.00,497550.00,80095.00,119858.00,670650.00,94.51,11.04,103574.42,1,6,699,DL,Delta Air Lines Inc.,D,2025,4
234432.00,520727.00,87059.00,130280.00,708877.00,102.72,13.11,103769.58,1,6,888,DL,Delta Air Lines Inc.,D,2025,4
240359.00,480435.00,94833.00,133792.00,667911.00,90.62,10.37,97839.79,1,6,699,DL,Delta Air Lines Inc.,D,2025,1
246930.00,504526.00,90919.00,130997.00,689032.00,102.69,10.91,111988.62,1,6,699,DL,Delta Air Lines Inc.,D,2025,2
247873.00,496606.00,97686.00,136581.00,685800.00,99.74,10.92,110773.05,1,6,699,DL,Delta Air Lines Inc.,D,2025,3
254275.00,542305.00,100989.00,145507.00,747246.00,114.06,13.09,115319.48,1,6,888,DL,Delta Air Lines Inc.,D,2025,2
259027.00,541827.00,110435.00,154405.00,755709.00,112.75,13.58,115757.76,1,6,888,DL,Delta Air Lines Inc.,D,2025,3
318110.00,724320.00,152159.00,189184.00,960696.00,150.86,17.98,133244.97,1,6,614,WN,Southwest Airlines Co.,D,2025,1
339771.00,760353.00,166046.00,205447.00,1006378.00,161.79,18.35,148244.75,1,6,614,WN,Southwest Airlines Co.,D,2025,3
340429.00,837849.00,41640.00,91110.00,1006771.00,217.46,23.02,173545.51,1,6,838,WN,Southwest Airlines Co.,D,2025,2
340781.00,770336.00,165363.00,204287.00,1016940.00,171.10,17.95,153943.79,1,6,614,WN,Southwest Airlines Co.,D,2025,2
346179.00,800866.00,26941.00,72303.00,945859.00,184.83,21.59,145002.37,1,6,838,WN,Southwest Airlines Co.,D,2025,1
350225.00,787456.00,182404.00,224157.00,1050884.00,167.57,18.26,148859.73,1,6,614,WN,Southwest Airlines Co.,D,2025,4
380419.78,790656.84,210011.81,305686.16,1164972.52,159.09,20.88,158103.91,1,6,614,AA,American Airlines Inc.,D,2025,1
388134.58,808071.35,211610.70,308063.29,1182147.94,148.64,18.26,165686.96,1,6,699,AA,American Airlines Inc.,D,2025,4
390242.04,801673.82,210655.27,306581.30,1177080.70,147.51,17.82,162167.12,1,6,699,AA,American Airlines Inc.,D,2025,1
396686.82,805121.68,220054.35,313894.63,1184870.01,152.23,18.26,172913.94,1,6,699,AA,American Airlines Inc.,D,2025,3
398605.88,821325.94,210231.25,304794.56,1195608.51,161.22,18.08,180133.30,1,6,699,AA,American Airlines Inc.,D,2025,2
403927.66,844548.05,219245.40,317873.62,1234889.04,182.73,22.73,182571.53,1,6,614,AA,American Airlines Inc.,D,2025,2
404554.71,851721.73,225523.56,328132.52,1250130.03,172.84,22.65,172631.11,1,6,614,AA,American Airlines Inc.,D,2025,4
411944.00,938798.00,47265.00,101296.00,1123027.00,221.86,24.74,179733.85,1,6,838,WN,Southwest Airlines Co.,D,2025,3
413678.71,850018.86,235249.31,335641.20,1256170.43,177.42,23.63,180381.56,1,6,614,AA,American Airlines Inc.,D,2025,3
438074.00,915993.00,162233.00,214990.00,1229703.00,211.73,27.97,186198.53,1,6,612,WN,Southwest Airlines Co.,D,2025,4
465053.00,1064432.00,63601.00,126530.00,1274998.00,252.56,26.37,197665.63,1,6,838,WN,Southwest Airlines Co.,D,2025,4
487339.00,1028469.00,182124.00,240908.00,1396731.00,241.38,29.26,212629.03,1,6,612,WN,Southwest Airlines Co.,D,2025,3
493080.00,1051973.00,206459.00,265887.00,1464833.00,242.14,30.25,206533.61,1,6,612,WN,Southwest Airlines Co.,D,2025,1
545532.00,1110110.00,217147.00,276409.00,1529392.00,260.50,29.98,224724.48,1,6,612,WN,Southwest Airlines Co.,D,2025,2
